,title,author,theme,genre,volumes,info,img_element,paga_url
0,鬼滅の刃,吾峠呼世晴,バトル・アクション,少年マンガ,完結・全23巻,時は大正時代。炭を売る心優しき少年・炭治郎の日常は、家族を鬼に皆殺しにされたことで一変する。唯一生き残ったものの、鬼に変貌した妹・禰豆子を元に戻すため、また家族を殺した鬼を討つため、炭治郎と禰豆子は旅立つ!! 血風剣戟冒険譚、開幕!!,https://d2ylnsrvo8rdzz.cloudfront.net/v2.0/images/books/4088824954.324.450.resize.jpg?t=1618498800,https://comicspace.jp//title/66091
1,進撃の巨人,諫山創,SF・ファンタジー,少年マンガ,完結・全34巻,"巨人がすべてを支配する世界。巨人の餌と化した人類は、巨大な壁を築き、壁外への自由と引き換えに侵略を防いでいた。だが、名ばかりの平和は壁を越える大巨人の出現により崩れ、絶望の闘いが始まってしまう。
",https://d2ylnsrvo8rdzz.cloudfront.net/v2.0/images/books/4065234174.324.450.resize.jpg?t=1618498800,https://comicspace.jp//title/62865
2,ワンピース ONE PIECE,尾田栄一郎,バトル・アクション,少年マンガ,既刊106巻,時は大海賊時代。いまや伝説の海賊王G・ロジャーの遺した『ひとつなぎの大秘宝』を巡って、幾人もの海賊達が戦っていた。そんな海賊に憧れる少年ルフィは、海賊王目指して大いなる旅に出る!!,https://d2ylnsrvo8rdzz.cloudfront.net/v2.0/images/books/4088836448.324.450.resize.jpg?t=1618498800,https://comicspace.jp//title/16469
3,約束のネバーランド,出水ぽすか,SF・ファンタジー,少年マンガ,完結・全20巻,母と慕う彼女は親ではない。共に暮らす彼らは兄弟ではない。エマ・ノーマン・レイの三人はこの小さな孤児院で幸せな毎日を送っていた。しかし、彼らの日常はある日突然終わりを告げた。真実を知った彼らを待つ運命とは…!?,https://d2ylnsrvo8rdzz.cloudfront.net/v2.0/images/books/4088823753.324.450.resize.jpg?t=1618498800,https://comicspace.jp//title/99950
4,チェンソーマン,藤本タツキ,SF・ファンタジー,少年マンガ,既刊15巻,悪魔のポチタと共にデビルハンターとして借金取りにこき使われる超貧乏な少年・デンジ。ド底辺の日々は、残忍な裏切りで一変する!!　悪魔をその身に宿し、悪魔を狩る、新時代ダークヒーローアクション、開幕！,https://d2ylnsrvo8rdzz.cloudfront.net/v2.0/images/books/408883464X.324.450.resize.jpg?t=1618498800,https://comicspace.jp//title/117177
5,呪術廻戦,芥見下々,バトル・アクション,少年マンガ,既刊23巻,類稀な身体能力を持つ高校生・虎杖悠仁は、病床に伏せる祖父の見舞いを日課にしていた。だがある日学校に眠る「呪物」の封印が解かれ、化物が現れてしまう。取り残された先輩を救う為、校舎へ乗り込む虎杖だが!?,https://d2ylnsrvo8rdzz.cloudfront.net/v2.0/images/books/4088836286.324.450.resize.jpg?t=1618498800,https://comicspace.jp//title/114161
6,SPY×FAMILY,遠藤達哉,ミステリー・サスペンス,少年マンガ,既刊11巻,凄腕スパイ＜黄昏＞は、より良き世界のため日々、諜報任務にあたっていた。ある日、新たな困難な司令が下る——…。任務のため、仮初めの家族をつくり、新生活が始まるのだが!?スパイ×アクション×特殊家族コメディ！,https://d2ylnsrvo8rdzz.cloudfront.net/v2.0/images/books/4088833139.324.450.resize.jpg?t=1618498800,https://comicspace.jp//title/118207
7,鋼の錬金術師,荒川弘,SF・ファンタジー,少年マンガ,完結・全27巻,兄・エドワード・エルリック、弟・アルフォンス。2人の若き天才錬金術師は、幼いころ、病気で失った母を甦らせるため禁断の人体錬成を試みる。しかしその代償はあまりにも高すぎた…。錬成は失敗、エドワードはみずからの左足と、ただ一人の肉親・アルフォンスを失ってしまう。かけがえのない弟をこの世に呼び戻すため、エドワードは自身の右腕を代価とすることで、弟の魂を錬成し、鎧に定着させることに成功。そして兄弟は、すべてを取り戻すための長い旅に出る…。,https://d2ylnsrvo8rdzz.cloudfront.net/v2.0/images/books/4757530544.324.450.resize.jpg?t=1618498800,https://comicspace.jp//title/36792
8,HUNTER × HUNTER ハンターハンター,冨樫義博,SF・ファンタジー,少年マンガ,既刊37巻,父と同じハンターになるため、そして父に会うため、ゴンの旅が始まった。同じようにハンターになるため試験を受ける、レオリオ・クラピカ・キルアと共に、次々と難関を突破していくが…！？,https://d2ylnsrvo8rdzz.cloudfront.net/v2.0/images/books/4088833651.324.450.resize.jpg?t=1618498800,https://comicspace.jp//title/16483
9,キングダム,原泰久,ヒューマンドラマ,青年マンガ,既刊69巻,時は紀元前――。いまだ一度も統一されたことのない中国大陸は、500年の大戦争時代。苛烈な戦乱の世に生きる少年・信は、自らの腕で天下に名を成すことを目指す!!,https://d2ylnsrvo8rdzz.cloudfront.net/v2.0/images/books/4088927478.324.450.resize.jpg?t=1618498800,https://comicspace.jp//title/17100
10,NARUTO ナルト,岸本斉史,SF・ファンタジー,少年マンガ,完結・全72巻,ここは木ノ葉隠れの里。忍術学校の問題児、ナルトは今日もイタズラ三昧!!　そんなナルトのでっかい夢は歴代の勇者、火影の名を受けついで、先代を越える忍者になることだ。だがナルトには出生の秘密が…!?,https://d2ylnsrvo8rdzz.cloudfront.net/v2.0/images/books/4088802209.324.450.resize.jpg?t=1618498800,https://comicspace.jp//title/16527
11,SLAM DUNK スラムダンク,井上雄彦,ヒューマンドラマ,少年マンガ,完結・全31巻,中学3年間で50人の女の子にふられた桜木花道。高校生となった彼は、ふと声をかけてきた女の子・赤木晴子に性懲りもなく一目惚れ。その「バスケットはお好きですか？」との問いに花道は…！？,https://d2ylnsrvo8rdzz.cloudfront.net/v2.0/images/books/4088718399.324.450.resize.jpg?t=1618498800,https://comicspace.jp//title/16355
12,東京卍リベンジャーズ,和久井健,ミステリー・サスペンス,少年マンガ,完結・全31巻,花垣タケミチは、中学時代に付き合っていた人生唯一の彼女・橘ヒナタが、悪党連合“東京卍會”に殺されたことをニュースで知る。壁の薄いボロアパートに住み、バイト先では6歳年下の店長からバカ扱い。極めつけはドーテー……。そんなどん底人生まっただ中のある日、12年前の中学時代にタイムリープする!! ヒナタを救うため、逃げ続けた人生を変えるため、ダメフリーター・タケミチが、関東最凶不良軍団の頂点を目指す!!,https://d2ylnsrvo8rdzz.cloudfront.net/v2.0/images/books/4065303443.324.450.resize.jpg?t=1618498800,https://comicspace.jp//title/103986
13,僕のヒーローアカデミア,堀越耕平,バトル・アクション,少年マンガ,既刊38巻,"多くの人間が“個性""という力を持つ。だが、それは必ずしも正義の為の力ではない。しかし、避けられぬ悪が存在する様に、そこには必ず我らヒーローがいる! ん? 私が誰かって? HA‐HA‐HA‐HA‐HA! さぁ、始まるぞ少年! 君だけの夢に突き進め! “Plus Ultra""!!",https://d2ylnsrvo8rdzz.cloudfront.net/v2.0/images/books/4088835530.324.450.resize.jpg?t=1618498800,https://comicspace.jp//title/65983
14,DEATH NOTE デスノート,大場つぐみ,SF・ファンタジー,少年マンガ,完結・全13巻,このノートに名前を書かれた人間は死ぬ…。死神 リュークが人間界に落とした一冊のノート「DEATH NOTE」。ここから、二人の選ばれし者「夜神月」と「L」の壮絶な戦いが始まる！！　かつてないスリルとサスペンス！！,https://d2ylnsrvo8rdzz.cloudfront.net/v2.0/images/books/4088740955.324.450.resize.jpg?t=1618498800,https://comicspace.jp//title/16639
15,ブルーピリオド,山口つばさ,ヒューマンドラマ,青年マンガ,既刊14巻,成績優秀かつスクールカースト上位の充実した毎日を送りつつ、どこか空虚な焦燥感を感じて生きる高校生・矢口八虎(やぐち やとら)は、ある日、一枚の絵に心奪われる。その衝撃は八虎を駆り立て、美しくも厳しい美術の世界へ身を投じていく。美術のノウハウうんちく満載、美大を目指して青春を燃やすスポ根受験物語、八虎と仲間たちは「好きなこと」を支えに未来を目指す!,https://d2ylnsrvo8rdzz.cloudfront.net/v2.0/images/books/4065297303.324.450.resize.jpg?t=1618498800,https://comicspace.jp//title/111430
16,ハイキュー!!,古舘春一,学園,少年マンガ,完結・全45巻,おれは飛べる!!　バレーボールに魅せられ、中学最初で最後の公式戦に臨んだ日向翔陽。だが、「コート上の王様」と異名を取る天才選手・影山に惨敗してしまう。リベンジを誓い烏野高校バレー部の門を叩く日向だが!?,https://d2ylnsrvo8rdzz.cloudfront.net/v2.0/images/books/4088824717.324.450.resize.jpg?t=1618498800,https://comicspace.jp//title/65411
17,ゴールデンカムイ,野田サトル,バトル・アクション,青年マンガ,完結・全31巻,"『不死身の杉元』日露戦争での鬼神の如き武功から、そう謳われた兵士は、ある目的の為に大金を欲し、かつてゴールドラッシュに沸いた北海道へ足を踏み入れる。そこにはアイヌが隠した莫大な埋蔵金への手掛かりが!? 立ち塞がる圧倒的な大自然と凶悪な死刑囚。そして、アイヌの少女、エゾ狼との出逢い。『黄金を巡る生存競争』開幕ッ!!!!
",https://d2ylnsrvo8rdzz.cloudfront.net/v2.0/images/books/4088923707.324.450.resize.jpg?t=1618498800,https://comicspace.jp//title/66143
18,怪獣8号,松本直也,SF・ファンタジー,少年マンガ,既刊10巻,【デジタル版限定！「少年ジャンプ＋」掲載時のカラーページを完全収録!!】怪獣発生率が世界屈指の日本。この国は、容赦なく怪獣が日常を侵していた。かつて防衛隊員を目指していたが、今は怪獣専門清掃業で働く日比野カフカ。ある日カフカは、謎の生物によって、身体が怪獣化、怪獣討伐を担う日本防衛隊からコードネーム「怪獣8号」と呼ばれる存在になる。,https://d2ylnsrvo8rdzz.cloudfront.net/v2.0/images/books/4088834437.324.450.resize.jpg?t=1618498800,https://comicspace.jp//title/122947
19,BEASTARS,板垣巴留,学園,少年マンガ,完結・全22巻,肉食獣と草食獣が共存する世界。そこには、希望も恋も不安もいっぱいあるんだ。チェリートン学園の演劇部員レゴシは、狼なのにとっても繊細。そんな彼が多くの動物たちと青春していく動物群像劇が始まる!!,https://d2ylnsrvo8rdzz.cloudfront.net/v2.0/images/books/4253229107.324.450.resize.jpg?t=1618498800,https://comicspace.jp//title/99970
20,ザ・ファブル,南勝久,バトル・アクション,青年マンガ,完結・全22巻,"『なにわ友あれ』完結から4ヵ月──。南勝久、新連載銃撃開始ッ!!
鈍色の愛銃ナイトホークを手に、“殺し屋ファブル”が町にやってくる──!!
どんな敵も鮮やかに葬り去る“殺しの天才”通称ファブルは、相棒の女とともに、日々、裏社会の仕事をこなす日々‥‥。
だがある日、ボスの突然の指令を受け、“○○○”として、まったく新しい生活
を送るハメに‥‥。
そしてファブルの野蛮で、滑稽で、奇妙な“寓話”が弾け出したッ‥‥!!!

“寓話”と呼ばれし、風変わりな“殺しの天才”が、この待ちにひっそりと棲んでいる──!!",https://d2ylnsrvo8rdzz.cloudfront.net/v2.0/images/books/4065199840.324.450.resize.jpg?t=1618498800,https://comicspace.jp//title/62746
21,BLEACH,久保帯人,SF・ファンタジー,少年マンガ,完結・全74巻,"黒崎一護・15歳・ユウレイの見える男。その特異な体質のわりに安穏とした日々を送っていた一護だが、突如、自らを死神と名乗る少女と遭遇、「虚」と呼ばれる悪霊に襲われる。次々と倒れる家族を前に一護は!?
",https://d2ylnsrvo8rdzz.cloudfront.net/v2.0/images/books/408880774X.324.450.resize.jpg?t=1618498800,https://comicspace.jp//title/64043
22,僕の心のヤバイやつ,桜井のりお,恋愛・ラブコメ,青年マンガ,既刊8巻,"ネットで話題! 陽キャ美少女×陰キャ少年の
ニヤニヤ系青春格差ラブコメディ! ! 
学園カースト頂点の美少女・山田杏奈の殺害を妄想してはほくそ笑む、重度の中二病の陰キャ・市川京太郎。
だが山田を観察する内に、京太郎が思う「底辺を見下す陽キャ」とは全然違うことに徐々に気づいていき…! ?
陰キャ男子・京太郎の初めて恋、始まる。
コミックスでしか読めない激レアエピソード描き下ろし漫画あり! ",https://d2ylnsrvo8rdzz.cloudfront.net/v2.0/images/books/425322685X.324.450.resize.jpg?t=1618498800,https://comicspace.jp//title/116133
23,葬送のフリーレン,山田鐘人,SF・ファンタジー,少年マンガ,既刊10巻,魔王を倒した勇者一行の後日譚ファンタジー　魔王を倒した勇者一行の“その後”。魔法使いフリーレンはエルフであり、他の３人と違う部分があります。彼女が“後”の世界で生きること、感じることとは――　残った者たちが紡ぐ、葬送と祈りとは――　物語は“冒険の終わり”から始まる。英雄たちの“生き様”を物語る、後日譚（アフター）ファンタジー！,https://comicspace.jp/title/122697,https://comicspace.jp//title/122697
24,ミステリと言う勿れ,田村 由美,ミステリー・サスペンス,女性マンガ,既刊12巻,"話題沸騰★青年・久能整!ついに登場!! 

『BASARA』『7SEEDS』の田村由美、超ひさびさの新シリーズがついに始動!! その主人公は、たった一人の青年!
しかも謎めいた、天然パーマの久能 整(くのう ととのう)なのです!!

解決解読青年・久能 整、颯爽登場の第一巻!!

冬のある、カレー日和。アパートの部屋で大学生・整がタマネギをザク切りしていると・・・警察官がやってきて・・・!?

突然任意同行された整に、近隣で起こった殺人事件の容疑がかけられる。
しかもその被害者は、整の同級生で・・・。
次々に容疑を裏付ける証拠を突きつけられた整はいったいどうなる・・・???",https://d2ylnsrvo8rdzz.cloudfront.net/v2.0/images/books/4098718847.324.450.resize.jpg?t=1618498800,https://comicspace.jp//title/110891
25,宇宙兄弟,小山宙哉,ヒューマンドラマ,青年マンガ,既刊42巻,"２０２５年、ＮＡＳＡは日本人宇宙飛行士・南波ヒビトを含む、第１次月面長期滞在クルーのメンバーを発表。時を同じくして日本では、自動車の設計をしていた南波ムッタが会社をクビに。大きく異なった運命を歩んでいたふたりの兄弟。しかしそれぞれの未来が、幼少時代に交したある約束によって、動き出そうとしていた。

幼少時代、星空を眺めながら約束を交わした兄・六太と弟・日々人。2025年、弟は約束どおり宇宙飛行士となり、月面の第1次長期滞在クルーの一員となっていた。一方、会社をクビになり、無職の兄・六太。弟からの1通のメールで、兄は再び宇宙を目指しはじめる。",https://d2ylnsrvo8rdzz.cloudfront.net/v2.0/images/books/4065300789.324.450.resize.jpg?t=1618498800,https://comicspace.jp//title/60086
26,ワールドトリガー,葦原大介,SF・ファンタジー,少年マンガ,既刊26巻,異次元からの侵略者「近界民」の脅威にさらされている三門市。そこに住む少し正義感の強い中学生・三雲修は、謎の転校生・空閑遊真と出会う。遊真の行動に振り回される修の運命は!? 最新型SFアクション始動!!,https://d2ylnsrvo8rdzz.cloudfront.net/v2.0/images/books/4088834615.324.450.resize.jpg?t=1618498800,https://comicspace.jp//title/65474
27,バクマン。 BAKUMAN,大場つぐみ,ヒューマンドラマ,少年マンガ,完結・全20巻,二人の少年がコンビを組んで漫画家を目指していくストーリーの大人気マンガ。,https://d2ylnsrvo8rdzz.cloudfront.net/v2.0/images/books/4088704665.324.450.resize.jpg?t=1618498800,https://comicspace.jp//title/65573
28,かぐや様は告らせたい 〜天才たちの恋愛頭脳戦〜,赤坂アカ,恋愛・ラブコメ,青年マンガ,完結・全28巻,"「恋愛は告白した方が負けなのである!」
家柄も人柄も良し!! 将来を期待された秀才が集う秀知院学園!! その生徒会で出会った、副会長・四宮かぐやと会長・白銀御行は互いに惹かれているはずだが…何もないまま半年が経過!! プライドが高く素直になれない2人は、面倒臭いことに、“如何に相手に告白させるか""ばかりを考えるようになってしまった!? 恋愛は成就するまでが楽しい!! 新感覚“頭脳戦""ラブコメ、開戦!!",https://d2ylnsrvo8rdzz.cloudfront.net/v2.0/images/books/4088925343.324.450.resize.jpg?t=1618498800,https://comicspace.jp//title/66212
29,東京喰種 トーキョーグール,石田スイ,SF・ファンタジー,青年マンガ,完結・全14巻,“東京”には、或るひとつの「絶望」が潜む…。群衆に紛れ、人間を狩り、その死肉を喰す怪人、人はそれを「喰種（グール）」と呼ぶ。青年が怪人に邂逅したとき、数奇な運命が廻り始める──！,https://d2ylnsrvo8rdzz.cloudfront.net/v2.0/images/books/4088900316.324.450.resize.jpg?t=1618498800,https://comicspace.jp//title/65794
30,寄生獣,岩明均,SF・ファンタジー,青年マンガ,完結・全10巻,右手に寄生生物・ミギーを宿した泉新一はミギーと共に他の寄生生物と戦い続ける。”人間とは何か”を問う問題作。,https://d2ylnsrvo8rdzz.cloudfront.net/v2.0/images/books/4063141071.324.450.resize.jpg?t=1618498800,https://comicspace.jp//title/6728
31,ジョジョの奇妙な冒険,荒木飛呂彦,SF・ファンタジー,少年マンガ,完結・全63巻,19世紀末、英国貴族、ジョースター卿は恩人の息子、ディオを養子にする。だがディオは本当の息子、ジョナサン（ジョジョ）を退け、財産の横取りを計画。謎の石仮面でジョジョを殺そうとする。,https://d2ylnsrvo8rdzz.cloudfront.net/v2.0/images/books/4088727096.324.450.resize.jpg?t=1618498800,https://comicspace.jp//title/13770
32,Dr.STONE,Boichi,SF・ファンタジー,少年マンガ,完結・全26巻,一瞬にして世界中すべての人間が石と化す、謎の現象に巻き込まれた高校生の大樹。数千年後──。目覚めた大樹とその友・千空はゼロから文明を作ることを決意する!! 空前絶後のSFサバイバル冒険譚、開幕!!,https://d2ylnsrvo8rdzz.cloudfront.net/v2.0/images/books/4088831608.324.450.resize.jpg?t=1618498800,https://comicspace.jp//title/107702
33,ワンパンマン,村田雄介,バトル・アクション,少年マンガ,既刊28巻,一撃必殺！　強くなりすぎて、どんな凶悪な怪人もワンパンチで倒してしまうヒーロー“サイタマ”。平熱系最強ヒーローの伝説開幕!!　WEB界のカリスマと超絶絵師タッグが贈る、日常ノックアウトコミック!!,https://d2ylnsrvo8rdzz.cloudfront.net/v2.0/images/books/4088835867.324.450.resize.jpg?t=1618498800,https://comicspace.jp//title/65460
34,ドラゴンボール DRAGON BALL,鳥山明,SF・ファンタジー,少年マンガ,完結・全42巻,山奥に住む怪力で、メチャクチャ元気な孫悟空。ある日悟空は、七つ揃うとどんな願いも叶うという、ドラゴンボールを探すブルマに出会う。彼女とともに、悟空もハラハラドキドキの旅へ出発する！,https://d2ylnsrvo8rdzz.cloudfront.net/v2.0/images/books/4088510909.324.450.resize.jpg?t=1618498800,https://comicspace.jp//title/13821
35,亜人,桜井画門,SF・ファンタジー,青年マンガ,完結・全17巻,「亜人」と呼ばれるその生物は「死なない」。高校生・永井圭はある日、交通事故で死ぬが、その直後に生き返った。それは、彼が亜人であり、人間ではないことを意味する。圭をとりまく環境は一変した。彼は人間たちから逃げ惑うことになる。友人のカイは怯える圭を助けるために駆けつけ、二人で人里を離れて山の中に逃げ込んだ。そんな彼に人間と敵対する亜人たちが接触してきた。,https://d2ylnsrvo8rdzz.cloudfront.net/v2.0/images/books/4065229898.324.450.resize.jpg?t=1618498800,https://comicspace.jp//title/63458
36,幽☆遊☆白書,冨樫義博,SF・ファンタジー,少年マンガ,完結・全19巻,教師も手をやく不良の浦飯幽助。ある日子供を助けて事故にあい、幽霊になってしまう。予定外の死に閻魔大王は、生き返るための試練として、人の心を映す霊界獣の卵をかえすことを命じるが…！,https://d2ylnsrvo8rdzz.cloudfront.net/v2.0/images/books/408871525X.324.450.resize.jpg?t=1618498800,https://comicspace.jp//title/16273
37,【推しの子】,赤坂アカ,ヒューマンドラマ,青年マンガ,既刊12巻,「この芸能界（せかい）において嘘は武器だ」　地方都市で、産婦人科医として働くゴロー。芸能界とは無縁の日々。一方、彼の“推し”のアイドル・星野アイは、スターダムを上り始めていた。そんな二人が“最悪”の出会いを果たし、運命が動き出す…!?　“赤坂アカ×横槍メンゴ”の豪華タッグが全く新しい切り口で“芸能界”を描く衝撃作開幕!!,https://d2ylnsrvo8rdzz.cloudfront.net/v2.0/images/books/408892780X.324.450.resize.jpg?t=1618498800,https://comicspace.jp//title/122558
38,BLUE GIANT,石塚真一,ヒューマンドラマ,青年マンガ,完結・全10巻,"『岳』の石塚真一、最新渾身作!! 

ジャズに心打たれた高校3年生の宮本 大は、
川原でサックスを独り吹き続けている。
雨の日も猛暑の日も毎日毎晩、何年も。
「世界一のジャズプレーヤーになる…!!」
努力、才能、信念、環境、運…何が必要なのか。
無謀とも言える目標に、真摯に正面から向かい合う物語は
仙台、広瀬川から始まる。",https://d2ylnsrvo8rdzz.cloudfront.net/v2.0/images/books/4091894607.324.450.resize.jpg?t=1618498800,https://comicspace.jp//title/69930
39,ヒカルの碁,ほったゆみ,ヒューマンドラマ,少年マンガ,完結・全23巻,ある日小6のヒカルは蔵で古い碁盤を見つける。その瞬間、碁盤に宿っていた平安の天才棋士・藤原佐為の霊がヒカルの意識の中に入り込んだ。佐為の囲碁に対する一途な想いが、徐々にヒカルを囲碁の世界へと導いていく…。,https://d2ylnsrvo8rdzz.cloudfront.net/v2.0/images/books/4088735048.324.450.resize.jpg?t=1618498800,https://comicspace.jp//title/16506
40,3月のライオン,羽海野チカ,恋愛・ラブコメ,青年マンガ,既刊17巻,その少年は、幼い頃すべてを失った。夢も家族も居場所も――。この物語は、そんな少年がすべてを取り戻すストーリー。その少年の職業は――やさしさ溢れるラブストーリー。,https://d2ylnsrvo8rdzz.cloudfront.net/v2.0/images/books/4592160274.324.450.resize.jpg?t=1618498800,https://comicspace.jp//title/78464
41,銀魂 ぎんたま,空知英秋,SF・ファンタジー,少年マンガ,完結・全77巻,江戸では、突如宙から舞い降りた異人「天人」の台頭と廃刀令により侍が衰退の一途をたどっていた。しかし一人、侍の魂を堅持する男が…。その名は坂田銀時。甘党＆無鉄砲なこの男が、腐った江戸を一刀両断…するかも！？,https://d2ylnsrvo8rdzz.cloudfront.net/v2.0/images/books/4088817206.324.450.resize.jpg?t=1618498800,https://comicspace.jp//title/16641
42,よふかしのうた,コトヤマ,SF・ファンタジー,少年マンガ,既刊17巻,『だがしかし』コトヤマ待望の最新作!!　恋と青春は、夜に生まれる――　さあ、たのしい夜ふかしの時間だ！　不眠が続く中２・夜守コウは、初めて一人外に出た夜、美しい吸血鬼・七草ナズナと出会う。「今日に満足できるまで、夜ふかししてみろよ。少年」彼女との二人きりの夜ふかしが　コウの運命を大きく変えていく――　「これは、僕が、七草ナズナに恋をするための物語だ」眠れない夜を過ごす全ての人へ贈る――　真夜中のボーイ・ミーツ・ガール！　連載開始から超絶大反響!!　ふたり　たのし　よふかし　ラブストーリー開幕!!,https://d2ylnsrvo8rdzz.cloudfront.net/v2.0/images/books/4098526158.324.450.resize.jpg?t=1618498800,https://comicspace.jp//title/119801
43,アオアシ,小林有吾,スポーツ,青年マンガ,既刊32巻,"アオき原石よ、「Jユース」で飛翔せよ! 

愛媛に暮らす中学三年生・青井葦人(あおいアシト)。

粗削りながら、強烈なサッカーの才能を秘めているアシトだったが、
まっすぐすぎる性格が災いして、大きな挫折を経験することに―――

そんなアシトの前に、東京にある強豪Jクラブ「東京シティ・エスペリオン」の
ユースチーム監督・福田達也(ふくだたつや)が現れる。

アシトの無限の可能性を見抜いた福田は、
東京で開催される自チームのセレクションを受けるよう勧めて!?

将来、日本のサッカーに革命を起こすことになる少年の運命は、ここから急速に回り始める!!",https://d2ylnsrvo8rdzz.cloudfront.net/v2.0/images/books/4098617056.324.450.resize.jpg?t=1618498800,https://comicspace.jp//title/70044
44,五等分の花嫁,春場ねぎ,恋愛・ラブコメ,少年マンガ,完結・全14巻,貧乏な生活を送る高校2年生・上杉風太郎のもとに、好条件の家庭教師アルバイトの話が舞い込む。ところが教え子はなんと同級生!! しかも五つ子だった!! 全員美少女、だけど「落第寸前」「勉強嫌い」の問題児! 風太郎は、超個性的な彼女たちを「卒業」まで導けるか──!?,https://d2ylnsrvo8rdzz.cloudfront.net/v2.0/images/books/4065186870.324.450.resize.jpg?t=1618498800,https://comicspace.jp//title/111501
45,アイシールド21,稲垣理一郎,スポーツ,少年マンガ,完結・全37巻,"泥門高校1年・小早川瀬那。気弱な性格が災いし、幼き頃よりパシリ人生を送ってきた。だがそのおかげで（？）ズバ抜けた俊足を持つ瀬那は、悪魔のごとき男・ヒル魔によりアメフト部へと引きずり込まれるが！？

",https://d2ylnsrvo8rdzz.cloudfront.net/v2.0/images/books/4088747356.324.450.resize.jpg?t=1618498800,https://comicspace.jp//title/16604
46,聲の形,大今良時,学園,少年マンガ,完結・全7巻,"お前なんかに出会わなきゃよかった。
もう一度、会いたい。

耳の聞こえる少年・石田将也(いしだしょうや)。
耳の聞こえない転校生・西宮硝子(にしみやしょうこ)。
ふたりは運命的な出会いをし、そして、将也は硝子をいじめた。
やがて、教室の犠牲者は硝子から将也へと移っていった。
幾年の時を経て、将也は、 もう一度、硝子に会わなければいけないと強く思うようになっていた。
週刊少年マガジン掲載時に、空前の大反響を巻き起こした衝撃作。",https://d2ylnsrvo8rdzz.cloudfront.net/v2.0/images/books/4063952681.324.450.resize.jpg?t=1618498800,https://comicspace.jp//title/63772
47,ちはやふる,末次由紀,スポーツ,少女マンガ,完結・全50巻,"まだ“情熱”って言葉さえ知らない、小学校6年生の千早。
そんな彼女が出会ったのは、福井からやってきた転校生・新。大人しくて無口な新だったが、彼には意外な特技があった。それは、小倉百人一首競技かるた。千早は、誰よりも速く誰よりも夢中に札を払う新の姿に衝撃を受ける。しかし、そんな新を釘付けにしたのは千早のずば抜けた「才能」だった……。
まぶしいほどに一途な思いが交差する青春ストーリー。
",https://d2ylnsrvo8rdzz.cloudfront.net/v2.0/images/books/4065302064.324.450.resize.jpg?t=1618498800,https://comicspace.jp//title/58650
48,東京喰種 トーキョーグール :re,石田スイ,バトル・アクション,青年マンガ,完結・全16巻,"群集に紛れ、ヒトの肉を喰らう。ヒトの形をしながら、ヒトとは異なる存在…“喰種""。“喰種""を駆逐・研究する〔CCG〕は、あるひとつの命題を果たすため、実験体集団を新設。──その名は「クインクス」。「まともな人間」ではない彼らと、佐々木琲世一等捜査官が“東京""で向き合うものとは──!?
",https://d2ylnsrvo8rdzz.cloudfront.net/v2.0/images/books/4088910508.324.450.resize.jpg?t=1618498800,https://comicspace.jp//title/99901
49,GANTZ,奥浩哉,SF・ファンタジー,青年マンガ,完結・全37巻,"
地下鉄のホームで撥ねられ死んだはずの玄野、加藤は謎のマンションの一室に一瞬にして転送される。そこに置かれた得体の知れない黒い球の指令により、ねぎ星人の暗殺を命じられた玄野らは、状況を把握できないままねぎ星人の元へと転送される。マンションにいた仲間によってねぎ星人は殺されるが、新たなねぎ星人が現れ…。",https://d2ylnsrvo8rdzz.cloudfront.net/v2.0/images/books/4088796276.324.450.resize.jpg?t=1618498800,https://comicspace.jp//title/16916
50,銀の匙 Silver Spoon,荒川弘,学園,少年マンガ,完結・全15巻,大自然に囲まれた大蝦夷農業高校に入学した八軒勇吾。授業が始まるなり子牛を追いかけて迷子、実習ではニワトリが肛門から生まれると知って驚愕…などなど、都会育ちには想定外の事態が多すぎて戸惑いの青春真っ最中。仲間や家畜たちに支えられたりコケにされたりしながらも日々奮闘する、酪農青春グラフィティ!!,https://d2ylnsrvo8rdzz.cloudfront.net/v2.0/images/books/4091295495.324.450.resize.jpg?t=1618498800,https://comicspace.jp//title/66803
51,僕だけがいない街,三部けい,ミステリー・サスペンス,少年マンガ,完結・全9巻,毎日を懊悩して暮らす青年漫画家の藤沼。ただ彼には、彼にしか起きない特別な症状を持ち合わせていた。それは…時間が巻き戻るということ! この現象、藤沼にもたらすものは輝く未来? それとも…。,https://d2ylnsrvo8rdzz.cloudfront.net/v2.0/images/books/4041048796.324.450.resize.jpg?t=1618498800,https://comicspace.jp//title/55283
52,金色のガッシュ!!,雷句誠,バトル・アクション,少年マンガ,完結・全33巻,天才中学生・高嶺清麿のもとに、突然現れた謎の子供・ガッシュ。呪文によって不思議な能力を発揮する彼が、清麿と共に、次々と現れる敵と死闘を繰り広げる!,https://d2ylnsrvo8rdzz.cloudfront.net/v2.0/images/books/4091213995.324.450.resize.jpg?t=1618498800,https://comicspace.jp//title/18056
53,暗殺教室,松井優征,SF・ファンタジー,少年マンガ,完結・全21巻,"号令と共に教室を満たす銃声! 椚ヶ丘中学校3年E組は生徒全員が先生の命を狙う暗殺教室。教師と生徒、標的と暗殺者の異常な日常が始まる――!!
",https://d2ylnsrvo8rdzz.cloudfront.net/v2.0/images/books/4088807278.324.450.resize.jpg?t=1618498800,https://comicspace.jp//title/65444
54,女の園の星,和山やま,学園,女性マンガ,既刊3巻,"「声を出して笑った」の声、続出!!!
漫画賞総ナメ『夢中さ、きみに。』の和山やま初連載！
ある女子校、２年４組担任・星先生。生徒たちが学級日誌で繰り広げる絵しりとりに翻弄され、教室で犬のお世話をし、漫画家志望の生徒にアドバイス。時には同僚と飲みに行く…。な～んてことない日常が、なぜこんなにも笑えて愛おしいんでしょう!?どんな時もあなたを笑わせる未体験マンガ、お確かめあれ！電子版にも本体表紙を収録！",https://d2ylnsrvo8rdzz.cloudfront.net/v2.0/images/books/4396768699.324.450.resize.jpg?t=1618498800,https://comicspace.jp//title/122427
55,メイドインアビス,つくしあきひと,SF・ファンタジー,青年マンガ,既刊12巻,"限界深度2万メートル以上!?
人類最後の未踏の深淵には何があるのか…?

隅々まで探索されつくした世界に、唯一残された秘境の大穴『アビス』。どこまで続くとも知れない深く巨大なその縦穴には、奇妙奇怪な生物たちが生息し、今の人類では作りえない貴重な遺物が眠っている。
「アビス」の不可思議に満ちた姿は人々を魅了し冒険へと駆り立てた。そうして幾度も大穴に挑戦する冒険者たちは、次第に『探窟家』呼ばれるようになっていった。

アビスの縁に築かれた街『オース』に暮らす孤児のリコは、いつか母のような偉大な探窟家になり、アビスの謎を解き明かすことを夢見ていた。そんなある日、リコはアビスを探窟中に、少年の姿をしたロボットを拾い…?

細密で独創的な絵柄が魅力のイラストレーター界の鬼才・つくしあきひとが、待望の商業デビュー!! ",https://d2ylnsrvo8rdzz.cloudfront.net/v2.0/images/books/4801981089.324.450.resize.jpg?t=1618498800,https://comicspace.jp//title/89735
56,四月は君の嘘,新川直司,恋愛・ラブコメ,少年マンガ,完結・全11巻,「あの日、僕はピアノが弾けなくなった‥‥」仄暗い青春を過ごす元・天才少年、有馬公生。夢も恋もない世界に佇む、彼に差し伸べられた手は名も知れぬ少女のものだった!! 少女の名は宮園かをり。性格最低・暴力上等の彼女はしかし、まぎれもなく最高のヴァイオリニストだった!公生は、かつて住んでいた音楽の世界に、強引に引きずり戻される。カラフルに色づく、音楽の世界に! 完結後の今もなお、各界からの絶賛の声が鳴り止まない音楽コミックの金字塔!「音が聴こえる」その描写から、目が離せない!,https://d2ylnsrvo8rdzz.cloudfront.net/v2.0/images/books/4063714675.324.450.resize.jpg?t=1618498800,https://comicspace.jp//title/59890
57,彼方のアストラ,篠原健太,SF・ファンタジー,少年マンガ,完結・全5巻,"宇宙への往来が当たり前になった近未来。高校生のカナタ、アリエスら9名は“惑星キャンプ""に旅立つ。未体験の宇宙旅行に胸を躍らせながら惑星に降り立った彼らを待ち受ける、予想外の事態とは!? 近未来SFサバイバルストーリー、始動!!
",https://d2ylnsrvo8rdzz.cloudfront.net/v2.0/images/books/4088813146.324.450.resize.jpg?t=1618498800,https://comicspace.jp//title/66109
58,転生したらスライムだった件,川上泰樹,SF・ファンタジー,少年マンガ,既刊23巻,"通り魔に刺されて死んだと思ったら、異世界でスライムに転生しちゃってた!?相手の能力を奪う「捕食者」と世界の理を知る「大賢者」、2つのユニークスキルを武器に、スライムの大冒険が今始まる!

WEBで1億4000万PVの異世界転生モノの名作を、原作者完全監修でコミカライズ!巻末には原作者書き下ろしの短編小説を収録した、ファン必携の単行本いよいよ発売!",https://d2ylnsrvo8rdzz.cloudfront.net/v2.0/images/books/406531626X.324.450.resize.jpg?t=1618498800,https://comicspace.jp//title/61682
59,バガボンド,井上雄彦,ヒューマンドラマ,青年マンガ,既刊37巻,"「強い」とはどういうことか……。
六十余戦無敗だった男「宮本武蔵」を、井上雄彦が圧倒的画力で描く超話題作!",https://d2ylnsrvo8rdzz.cloudfront.net/v2.0/images/books/406388340X.324.450.resize.jpg?t=1618498800,https://comicspace.jp//title/7850
60,チ。―地球の運動について―,魚豊,政治・ビジネス,青年マンガ,完結・全8巻,動かせ　歴史を　心を　運命を　――星を。舞台は15世紀のヨーロッパ。異端思想がガンガン火あぶりに処せられていた時代。主人公の神童・ラファウは飛び級で入学する予定の大学において、当時一番重要とされていた神学の専攻を皆に期待されていた。合理性を最も重んじるラファウにとってもそれは当然の選択であり、合理性に従っている限り世界は“チョロい”はずだった。しかし、ある日ラファウの元に現れた謎の男が研究していたのは、異端思想ド真ン中の「ある真理」だった――命を捨てても曲げられない信念があるか？　世界を敵に回しても貫きたい美学はあるか？　アツい人間を描かせたら敵ナシの『ひゃくえむ。』魚豊が描く、歴史上最もアツい人々の物語！！　ページを捲るたび血が沸き立つのを感じるはず。面白い漫画を読む喜びに打ち震えろ！！,https://d2ylnsrvo8rdzz.cloudfront.net/v2.0/images/books/4098613174.324.450.resize.jpg?t=1618498800,https://comicspace.jp//title/124042
61,終末のワルキューレ,アジチカ,SF・ファンタジー,青年マンガ,既刊19巻,"
全世界の神VS偉人、武人、傑人!!!!
地上で横暴を極める人類に対し、神々は人類の滅亡を決定する。その決定を覆すべく選ばれたのは人類史上最強、13人の戦士たち。神々とのタイマン13番勝負に勝ち、人類を存続させることは出来るのか!?
第一回戦は北欧神話最強「トール神」VS三国志最強「呂布奉先」!人類存亡を賭けた戦いが、今始まる!!",https://d2ylnsrvo8rdzz.cloudfront.net/v2.0/images/books/4867205222.324.450.resize.jpg?t=1618498800,https://comicspace.jp//title/113584
62,アクタージュ act-age,宇佐崎しろ,ヒューマンドラマ,少年マンガ,既刊12巻,"女優を目指す女子高生・夜凪は有名芸能事務所スターズのオーディションで天才的な芝居をするも不合格。それは彼女の危険な演技法に理由があった。しかし、夜凪の才能に魅せられた映画監督・黒山が役者の世界に誘う!!
",https://d2ylnsrvo8rdzz.cloudfront.net/v2.0/images/books/4088823516.324.450.resize.jpg?t=1618498800,https://comicspace.jp//title/113209
63,MAJOR メジャー,満田拓也,スポーツ,少年マンガ,完結・全78巻,"プロ野球選手の父を持つ元気一杯の野球少年・吾郎が、プロ野球選手という大きな夢に向かって突き進む本格派ベースボール成長ドラマ!
",https://d2ylnsrvo8rdzz.cloudfront.net/v2.0/images/books/4091226809.324.450.resize.jpg?t=1618498800,https://comicspace.jp//title/17919
64,名探偵コナン,青山剛昌,ミステリー・サスペンス,少年マンガ,既刊103巻,ホームズに憧れる推理マニアの高校生。工藤新一がとある理由で小学生の体に!!小さな探偵が大活躍の奇想天外本格探偵アクション!,https://d2ylnsrvo8rdzz.cloudfront.net/v2.0/images/books/4098520265.324.450.resize.jpg?t=1618498800,https://comicspace.jp//title/17911
65,るろうに剣心 -明治剣客浪漫譚,和月伸宏,バトル・アクション,少年マンガ,完結・全28巻,逆刃刀を腰に下げ、不殺を誓う流浪人・緋村剣心——彼こそは維新志士の中で最強無比の伝説をもつ「人斬り抜刀斎」であった。維新後、その熱き想いで人々を守り続けた流浪人・剣心の活躍を描く！,https://d2ylnsrvo8rdzz.cloudfront.net/v2.0/images/books/4088727827.324.450.resize.jpg?t=1618498800,https://comicspace.jp//title/16333
66,君に届け,椎名軽穂,恋愛・ラブコメ,少女マンガ,完結・全30巻,陰気な見た目のせいで怖がられたり謝られたりしちゃう爽子。爽子に分けへだてなく接してくれる風早に憧れている。風早の言葉をきっかけに変わっていけるみたい…。夏休み前、爽子は肝試しでお化け役をやることに！？,https://d2ylnsrvo8rdzz.cloudfront.net/v2.0/images/books/4088440072.324.450.resize.jpg?t=1618498800,https://comicspace.jp//title/12023
67,ダンジョン飯,九井諒子,バトル・アクション,青年マンガ,既刊12巻,"待ってろドラゴン、ステーキにしてやる! 

九井諒子、初の長編連載。待望の単行本化! 
ダンジョンの奥深くでドラゴンに襲われ、
金と食料を失ってしまった冒険者・ライオス一行。
再びダンジョンに挑もうにも、このまま行けば、途中で飢え死にしてしまう……。
そこでライオスは決意する「そうだ、モンスターを食べよう! 」
スライム、バジリスク、ミミック、そしてドラゴン!!
襲い来る凶暴なモンスターを食べながら、
ダンジョンの踏破を目指せ! 冒険者よ!! ",https://d2ylnsrvo8rdzz.cloudfront.net/v2.0/images/books/4047370460.324.450.resize.jpg?t=1618498800,https://comicspace.jp//title/56905
68,サマータイムレンダ,田中靖規,SF・ファンタジー,少年マンガ,完結・全13巻,幼馴染の潮が死んだ──。その報せを聞き、故郷の和歌山市・日都ケ島に帰ってきた慎平。家族との再会。滞りなく行われる葬儀。だが島にはある異変が…? ひと夏の離島サスペンス!!,https://d2ylnsrvo8rdzz.cloudfront.net/v2.0/images/books/4088826124.324.450.resize.jpg?t=1618498800,https://comicspace.jp//title/111992
69,九龍ジェネリックロマンス,眉月じゅん,恋愛・ラブコメ,青年マンガ,既刊8巻,此処は東洋の魔窟、九龍城砦。ノスタルジー溢れる人々が暮らし、街並みに過去・現在・未来が交差するディストピア。はたらく30代の男女の非日常で贈る日常と密かな想いと関係性をあざやかに描き出す理想的なラヴロマンスを貴方に――。,https://d2ylnsrvo8rdzz.cloudfront.net/v2.0/images/books/4088924339.324.450.resize.jpg?t=1618498800,https://comicspace.jp//title/120820
70,よつばと!,あずまきよひこ,ヒューマンドラマ,少年マンガ,既刊15巻,夏休みの前日、とある町に強烈に元気な女の子「よつば」と、「とーちゃん」親子が引っ越してきた。遠い海の向こうの島から来た不思議な女の子。 「よつば」（６歳）に振り回される周りの人達の日常を描いたハートフル？　コメディー。,https://d2ylnsrvo8rdzz.cloudfront.net/v2.0/images/books/4049135973.324.450.resize.jpg?t=1618498800,https://comicspace.jp//title/44264
71,地獄楽,賀来ゆうじ,SF・ファンタジー,少年マンガ,完結・全13巻,"最強の忍として畏れられ、抜け忍として囚われていた画眉丸は、打ち首執行人の“山田浅ェ門佐切""から無罪放免になる為の条件を突きつけられる。その条件とは極楽浄土と噂の地で「不老不死の仙薬」を手に入れること…!! 生死を悟る忍法浪漫活劇、開幕──!!
",https://d2ylnsrvo8rdzz.cloudfront.net/v2.0/images/books/4088825837.324.450.resize.jpg?t=1618498800,https://comicspace.jp//title/113140
72,こちら葛飾区亀有公園前派出所,秋本治,ヒューマンドラマ,少年マンガ,完結・全200巻,「やつらをひとりも帰すんじゃねえぞ!!」ガンマニアの中川と冬本が派出所を訪れ、拳銃談義に。そこに暴走族が出現し、両さんらは追撃を開始!!「早撃ち両さん!?の巻」他７編に加え、山止たつひこ笑劇場「交通安全'76」も収録。,https://d2ylnsrvo8rdzz.cloudfront.net/v2.0/images/books/4088807731.324.450.resize.jpg?t=1618498800,https://comicspace.jp//title/65398
73,黒子のバスケ,藤巻忠俊,学園,少年マンガ,完結・全30巻,火神大我が入学先の誠凛高校バスケ部で出会ったのは、黒子テツヤという超地味な少年。存在感も無さ過ぎる黒子に幻滅する火神だったが、実は彼は「キセキの世代」と言われた伝説の最強チームのメンバーで…!?,https://d2ylnsrvo8rdzz.cloudfront.net/v2.0/images/books/408880211X.324.450.resize.jpg?t=1618498800,https://comicspace.jp//title/65584
74,ヴィンランド・サガ,幸村誠,バトル・アクション,青年マンガ,既刊27巻,千年期の終わり頃、あらゆる地に現れ暴虐の限りを尽くした最強の民族、ヴァイキング。そのなかにあってなお、最強と謳われた伝説の戦士が息子をひとり授かった。トルフィンと名づけられた彼は、幼くして戦場を生き場所とし、血煙の彼方に幻の大陸“ヴィンランド”を目指す!!　『プラネテス』の幸村誠が描く最強民族（ヴァイキング）叙事詩、堂々登場！,https://d2ylnsrvo8rdzz.cloudfront.net/v2.0/images/books/4065319102.324.450.resize.jpg?t=1618498800,https://comicspace.jp//title/10012
75,極主夫道,おおのこうすけ,ギャグ・コメディー,青年マンガ,既刊12巻,"元・最凶ヤクザが選んだのは、主夫としての道だった――。! 
話題の新鋭作家がおくる、アットホーム任侠コメディ! ! 

コミックスだけの描き下ろしエピソードも収録!!",https://d2ylnsrvo8rdzz.cloudfront.net/v2.0/images/books/4107726193.324.450.resize.jpg?t=1618498800,https://comicspace.jp//title/114340
76,呪術廻戦 0: 東京都立呪術高等専門学校,芥見下々,ギャグ・コメディー,青年マンガ,完結・全1巻,自身の死刑を望む高校生・乙骨憂太（おっこつゆうた）。彼は己に憑く怨霊・里香に苦しんでいた。そんな中、｢呪い｣を祓う為学ぶ学校｢都立呪術高専｣の教師・五条悟が、乙骨を高専へ転入させ…!?　『呪術廻戦』へと繋がる前日譚、開幕！,https://d2ylnsrvo8rdzz.cloudfront.net/v2.0/images/books/4088816722.324.450.resize.jpg?t=1618498800,https://comicspace.jp//title/116376
77,ランウェイで笑って,猪ノ谷言葉,恋愛・ラブコメ,少年マンガ,完結・全22巻,身長は、158cmから伸びなかった・・・。藤戸千雪の夢は「パリ・コレ」モデル。モデルとして致命的な低身長ゆえに、周囲は「諦めろ」と言うが、千雪は折れない。そんなとき、千雪はクラスの貧乏男子・都村育人の諦めきれない夢「ファッションデザイナー」を「無理でしょ」と切ってしまい・・・!?「叶わない」宣告をされても、それでも一途に夢を追って走る2人の物語。,https://d2ylnsrvo8rdzz.cloudfront.net/v2.0/images/books/4065240263.324.450.resize.jpg?t=1618498800,https://comicspace.jp//title/110116
78,薬屋のひとりごと,日向夏,SF・ファンタジー,少年マンガ,既刊11巻,"「小説家になろう」発! 
ヒーロー文庫の大人気タイトル『薬屋のひとりごと』が、待望のコミカライズ! 
中世の宮中で下働きをする少女・猫猫(マオマオ)。
花街で薬師をやっていた彼女が、帝の御子たちが皆短命であるこという噂を聞いてしまったところから、物語は動き始める。
持ち前の好奇心と知識欲に突き動かされ、興味本位でその原因を調べ始める猫猫の運命は――…!?
「小説家になろう」は株式会社ヒナプロジェクトの登録商標です。",https://d2ylnsrvo8rdzz.cloudfront.net/v2.0/images/books/4757583249.324.450.resize.jpg?t=1618498800,https://comicspace.jp//title/111316
79,凪のお暇,コナリミサト,ギャグ・コメディー,女性マンガ,既刊10巻,場の空気を読みすぎて、他人にあわせて無理した結果、過呼吸で倒れた大島凪、28歳。仕事もやめて引っ引越して、彼氏からも逃げ出したけど…。元手100万、人生リセットコメディ!!,https://d2ylnsrvo8rdzz.cloudfront.net/v2.0/images/books/4253156827.324.450.resize.jpg?t=1618498800,https://comicspace.jp//title/108265
80,FAIRY TAIL フェアリーテイル,真島ヒロ,SF・ファンタジー,少年マンガ,完結・全63巻,“魔導士ギルド”‥‥それは魔導士たちに探し物から魔物討伐まで、いろんな仕事を仲介してくれるトコロ! 一人前の魔導士を目指す少女・ルーシィは、火を操る魔導士・ナツと出会い、彼のギルドに誘われる。なんと、そこはルーシィの憧れ、超ブッ飛んだお騒がせギルド「フェアリーテイル」だったのです!!,https://d2ylnsrvo8rdzz.cloudfront.net/v2.0/images/books/4065103908.324.450.resize.jpg?t=1618498800,https://comicspace.jp//title/10043
81,ベルセルク,三浦建太郎,SF・ファンタジー,青年マンガ,既刊41巻,巨大な剣を背負い、鉄の義手をつけた剣士・ガッツ。彼の行くところ、血の雨が降り、死体の山が築かれる……！　大ヒット！！　圧倒的迫力の叙事詩！！,https://d2ylnsrvo8rdzz.cloudfront.net/v2.0/images/books/4592166914.324.450.resize.jpg?t=1618498800,https://comicspace.jp//title/34815
82,ブルーロック,ノ村優介,スポーツ,青年マンガ,既刊25巻,２０１８年、W杯、日本代表ベスト１６敗退…。これを受け日本フットボール連合は、W杯優勝のため、３００人の高校生を集めた育成寮“青い監獄（ブルーロック）”を設立。コーチを務める男・絵心甚八は、日本に必要なのは「エゴイズムにあふれるストライカーだ」と断言。無名のFW・潔 世一たちは、己をエゴイストに変える蹴落とし合いの選別に挑む！,https://d2ylnsrvo8rdzz.cloudfront.net/v2.0/images/books/4065321832.324.450.resize.jpg?t=1618498800,https://comicspace.jp//title/115986
83,不滅のあなたへ,大今良時,ヒューマンドラマ,少年マンガ,既刊20巻,『聲の形』大今良時、最新作! 何者かによって“球”が、この地上に投げ入れられた。情報を収集するために機能し、姿をあらゆるものに変化させられるその球体は、死さえも超越する。ある日、少年と出会い、そして別れる。光、匂い、音、暖かさ、痛み、喜び、哀しみ……。刺激に満ちたこの世界を彷徨う、永遠の旅が始まった。これは自分を獲得していく物語。,https://d2ylnsrvo8rdzz.cloudfront.net/v2.0/images/books/4065306264.324.450.resize.jpg?t=1618498800,https://comicspace.jp//title/99948
84,GIANT KILLING ジャイアントキリング,ツジトモ,スポーツ,青年マンガ,既刊61巻,達海猛35歳、職業サッカー監督。今季より弱小プロサッカークラブ『ETU イースト・ トウキョウ・ユナイテッド』の監督に就任する。現役時代も監督になってからも、好物は「番狂わせの大物喰い=ジャイアント・キリング」!,https://d2ylnsrvo8rdzz.cloudfront.net/v2.0/images/books/4065285372.324.450.resize.jpg?t=1618498800,https://comicspace.jp//title/60072
85,ファイアパンチ,藤本タツキ,バトル・アクション,青年マンガ,完結・全8巻,『氷の魔女』によって世界は雪と飢餓と狂気に覆われ、凍えた民は炎を求めた──。再生能力の祝福を持つ少年アグニと妹のルナ、身寄りのない兄妹を待ち受ける非情な運命とは…!? 衝戟のダークファンタジー、開幕!!,https://d2ylnsrvo8rdzz.cloudfront.net/v2.0/images/books/4088813278.324.450.resize.jpg?t=1618498800,https://comicspace.jp//title/66092
86,その着せ替え人形は恋をする,福田晋一,恋愛・ラブコメ,青年マンガ,既刊11巻,"五条新菜（ごじょうわかな）は雛人形の顔を作る
「頭師」を目指して修業中の男子高校生。
趣味や好きなものが同年代と違うせいでクラスに
馴染めない生活を送っていたある日、
いつも友人の輪の中心にいる喜多川海夢（きたがわまりん）
と思いもよらない接点が出来て……？

YGの新ヒロインはギャルで○○!?
ドキドキ山盛りのフェチシズム・スクールライフ開始☆",https://d2ylnsrvo8rdzz.cloudfront.net/v2.0/images/books/4757584253.324.450.resize.jpg?t=1618498800,https://comicspace.jp//title/115795
87,NANA ナナ,矢沢あい,恋愛・ラブコメ,少女マンガ,既刊21巻,幸せの名をもつ少女が自らの意志で、運命を、切り拓く…。小松奈々と大崎ナナ…同じ名前を持つ2人の少女が繰り広げる、感動の恋のストーリー！　2人の「ナナ」、それぞれの幸せはどこにある…？,https://d2ylnsrvo8rdzz.cloudfront.net/v2.0/images/books/4088568761.324.450.resize.jpg?t=1618498800,https://comicspace.jp//title/14506
88,あせとせっけん,山田金鉄,恋愛・ラブコメ,青年マンガ,完結・全11巻,女性に絶大な人気を誇る化粧品＆バス用品メーカー・リリアドロップに勤めるOL・八重島麻子（やえしまあさこ）は、重度の汗っかきなのがコンプレックス。デオドラント製品が手放せない生活の中、ある日、商品開発部の名取香太郎（なとりこうたろう）に、「君の体臭は素晴らしい！　新商品の石鹸開発のため、これから毎日、君のにおいを嗅ぎに来ます！」と言われてしまう。でも、においを嗅がれるのは、そんなに嫌でもなくて…。,https://d2ylnsrvo8rdzz.cloudfront.net/v2.0/images/books/4065231094.324.450.resize.jpg?t=1618498800,https://comicspace.jp//title/115591
89,はじめの一歩,森川ジョージ,ヒューマンドラマ,少年マンガ,既刊138巻,いじめられっ子だった幕之内一歩はひょんなことからボクシングに出会い、熱中していく。一歩は『強いってどういうことだろう?』という素朴な疑問を抱えながら、持ち前の頑張りで過酷な練習に耐え抜き、強くなっていく。数多の強敵との死闘を勝ち抜き、国内屈指のハードパンチを持つ日本王者となった一歩。その次なる目標は遥かなる世界王者への道! 限りなく熱く純粋な一歩のさらなる挑戦が始まった!!,https://d2ylnsrvo8rdzz.cloudfront.net/v2.0/images/books/4065321786.324.450.resize.jpg?t=1618498800,https://comicspace.jp//title/6447
90,闇金ウシジマくん,真鍋昌平,ヒューマンドラマ,青年マンガ,完結・全46巻,"他の金融機関が見捨てた、返済能力に欠ける人間相手に暴利を貪る“闇金融”。

そんな業者の一つ「カウカウファイナンス」は、法定金利を遥かに超える“トゴ（10日で5割）”は当たり前、ギャンブル狂には1日3割もの高利で金を貸している。
そして若き社長・丑嶋自ら陣頭指揮を執り、今日も徹底した取り立てで業績拡大に邁進する…。",https://d2ylnsrvo8rdzz.cloudfront.net/v2.0/images/books/4098602865.324.450.resize.jpg?t=1618498800,https://comicspace.jp//title/22132
91,七つの大罪,鈴木央,SF・ファンタジー,少年マンガ,完結・全41巻,"キミも夢中になる！漫画の歴史を塗り替える圧倒的スケールと
多彩なキャラクター群。

かつて王国転覆をはかったとされる伝説の逆賊・〈七つの大罪〉。
今もなお執拗に、そのお尋ね者を追うは、王国の要・一騎当千の聖騎士たち。
しかし、切なる想いを胸に秘め、〈七つの大罪〉を捜す一人の少女が現れた時、
世界の様相を一変させるとびきりの冒険が始まった！
痛快無比のヒロイック・ファンタジー、開幕。",https://d2ylnsrvo8rdzz.cloudfront.net/v2.0/images/books/4065186854.324.450.resize.jpg?t=1618498800,https://comicspace.jp//title/62929
92,娘の友達,萩原あさ美,SF・ファンタジー,青年マンガ,完結・全7巻,家庭では「父親」として、会社では「課長」として、「理想的な自分」を演じるように生きてきた主人公・晃介。だが、娘の友達である美少女・古都との出会いにより、彼の人生は180度変化する。社会的には「決して抱いてはいけない感情」に支配されながらも、古都の前では自己を開放でき、社会の中で疲弊した心は癒されていく……。「社会」のために「自己」を殺す現代社会へ鋭く切り込む、背徳のサスペンスが幕を開ける。,https://d2ylnsrvo8rdzz.cloudfront.net/v2.0/images/books/406522263X.324.450.resize.jpg?t=1618498800,https://comicspace.jp//title/118093
93,マイホームヒーロー,朝基まさし,ヒューマンドラマ,青年マンガ,既刊21巻,頼れる妻と、ちょっと反抗期気味だけど可愛い高校生の娘。鳥栖哲雄の人生はそれなりに幸せだった。娘の顔に殴打の傷を見つけるまでは。「100万の命の上に俺は立っている」の山川直輝、「サイコメトラー」「でぶせん」の朝基まさしの異色コンビが描く、罪と罰、愛と戦いの物語、開幕!,https://d2ylnsrvo8rdzz.cloudfront.net/v2.0/images/books/4065320283.324.450.resize.jpg?t=1618498800,https://comicspace.jp//title/110330
94,SKET DANCE,篠原健太,学園,少年マンガ,完結・全32巻,"学園生活の中で、誰もが一つや二つ抱えてしまう悩みや問題。それらを何でも解決してくれる、学園生活の助っ人になってくれるヤツらがいた! 彼ら学園生活支援部――通称“スケット団""に、今日も仕事の依頼が舞い込む!!",https://d2ylnsrvo8rdzz.cloudfront.net/v2.0/images/books/4088707834.324.450.resize.jpg?t=1618498800,https://comicspace.jp//title/65542
95,トリコ,島袋光年,SF・ファンタジー,少年マンガ,完結・全43巻,世はグルメ時代！　IGO直属ホテルの料理長・小松は、局長から「ガララワニ」捕獲の命を受ける!!　任務に抜擢されたのは、カリスマ“美食屋”トリコ!!　二人は最高の食材を求め、命を懸けた旅へ出発するが…!!,https://d2ylnsrvo8rdzz.cloudfront.net/v2.0/images/books/4088808851.324.450.resize.jpg?t=1618498800,https://comicspace.jp//title/65571
96,ここは今から倫理です。,雨瀬 シオリ,ヒューマンドラマ,少年マンガ,既刊8巻,"「倫理」とは人倫の道であり、道徳の規範となる原理。学ばずとも将来、困る事はない学問。しかし、この授業には人生の真実が詰まっている。クールな倫理教師・高柳が生徒たちの抱える問題と独自のスタンスで向かい合う──。
新時代、教師物語!!",https://d2ylnsrvo8rdzz.cloudfront.net/v2.0/images/books/4088923480.324.450.resize.jpg?t=1618498800,https://comicspace.jp//title/110708
97,食戟のソーマ,佐伯俊,学園,少年マンガ,完結・全36巻,実家が下町の定食屋を営む中学生・幸平創真。目標である料理人の父を越える為、創真は修業の毎日を送っていた。しかし突然、父から料理学校への編入話を告げられ…!?　創造する新料理マンガ、ここに開演!!,https://d2ylnsrvo8rdzz.cloudfront.net/v2.0/images/books/4088820738.324.450.resize.jpg?t=1618498800,https://comicspace.jp//title/65467
98,20世紀少年 本格科学冒険漫画,浦沢直樹,SF・ファンタジー,青年マンガ,完結・全22巻,1997年、ケンヂが営むコンビニへ刑事が訪れた。ケンヂがいつも酒の配達をしている敷島家が、全員行方不明になったのだという。敷島家の集金がまだ終わっていなかったケンヂは、飲み逃げかと落ち込むものの、渋々ビールの空きビンを取りに敷島の家を訪れる。するとそこには、どこかで見たことがあるような、不思議なマークが壁に描かれていた,https://d2ylnsrvo8rdzz.cloudfront.net/v2.0/images/books/4091808050.324.450.resize.jpg?t=1618498800,https://comicspace.jp//title/21951
99,BLUE GIANT SUPREME ブルージャイアント シュプリーム,石塚真一,ヒューマンドラマ,青年マンガ,完結・全11巻,"大は世界へ!! 欧州編開幕!! 

止まるわけにはいかない宮本大は、
単身ヨーロッパに渡る。
降り立ったのはドイツ・ミュンヘン。
伝手も知人もなく、ドイツ語も知らず、
テナーサックスと強い志があるだけだ。
「世界一のジャズプレーヤーになる・・・!!」
練習できる場を探すところから始まる挑戦。
大の音は、欧州でも響くのかーーー",https://d2ylnsrvo8rdzz.cloudfront.net/v2.0/images/books/4098608111.324.450.resize.jpg?t=1618498800,https://comicspace.jp//title/104618
100,弱虫ペダル,渡辺航,学園,少年マンガ,既刊85巻,"
ママチャリで激坂を登り、秋葉原通い、往復90km!!　アニメにゲーム、ガシャポンフィギュアを愛する高校生・小野田坂道、驚異の激コギ!!
ワクワクの本格高校自転車ロードレース巨編!!",https://d2ylnsrvo8rdzz.cloudfront.net/v2.0/images/books/4253282547.324.450.resize.jpg?t=1618498800,https://comicspace.jp//title/72288
101,スキップとローファー,高松美咲,ヒューマンドラマ,青年マンガ,既刊9巻,岩倉美津未、今日から東京の高校生! 入学を機に地方から上京した彼女は、勉強こそできるものの、過疎地育ちゆえに同世代コミュ経験がとぼしい。そのうえちょっと天然で、慣れない都会の高校はなかなかムズカシイ! だけど、そんな「みつみちゃん」のまっすぐでまっしろな存在感が、本人も気づかないうちにクラスメイトたちをハッピーにしていくのです!,https://d2ylnsrvo8rdzz.cloudfront.net/v2.0/images/books/4065326427.324.450.resize.jpg?t=1618498800,https://comicspace.jp//title/116800
102,ブラッククローバー,田畠裕基,バトル・アクション,少年マンガ,既刊35巻,"魔法がすべての、とある世界──。生まれながらに魔法が使えない少年アスタは、己の力を証明するため、そして友との約束を果たすために、魔道士の頂点“魔法帝""を目指す! 少年魔法ファンタジー、ここに開幕!",https://d2ylnsrvo8rdzz.cloudfront.net/v2.0/images/books/4088835573.324.450.resize.jpg?t=1618498800,https://comicspace.jp//title/66033
103,おやすみプンプン,浅野いにお,ヒューマンドラマ,青年マンガ,完結・全13巻,"どこにでもあるような街のどこにでもいそうな少年、「プンプン」の人生の波乱を描いた作品。
この作品の大きな特徴に、主人公である「プンプン」やその家族、親戚のみ“落書きのようなヒヨコ”で描かれており、その名前に加え、周りの人物や情景などの高い描写力からは浮いた存在となっている。加えて、作品内でコラージュ的な表現を用いたり、一部の人物に話の進行とは無関係な奇行を描いたりと、実験的なシュルレアリスム表現がみられる。
作家、伊坂幸太郎が単行本の帯に「前衛でありつつ王道を走り抜ける」と語っている。",https://d2ylnsrvo8rdzz.cloudfront.net/v2.0/images/books/409151555X.324.450.resize.jpg?t=1618498800,https://comicspace.jp//title/69317
104,プラネテス,幸村誠,SF・ファンタジー,青年マンガ,完結・全4巻,"
2070年代、人間は地球圏を月面にまでようやく押し広げていた。
夢とエゴに満ちた航宙士志望の青年・星野八郎太(通称ハチマキ)の成長を軸に描く、「惑う人々(プラネテス)」たちの物語。「SF」を一段階進めた大傑作。
2002年度星雲賞コミック部門受賞。2003年にはNHKでアニメ放送開始。そのアニメも2005年度星雲賞メディア部門受賞。同賞の原作・アニメのW受賞は『風の谷のナウシカ』以来だと評判になった。

しがないデブリ(宇宙廃棄物)回収船に乗り組むハチマキは、大きな夢を持ちつつも、貧相な現実と不安定な自分に抗いきれずにいる。同僚のユーリは、喪った妻の思い出に後ろ髪を引かれ、自分の未来を探せずにいる。前世紀から続く大気の底の問題は未解決のままで、先進各国はその権勢を成層圏の外まで及ぼしている。人類はその腕を成層圏の外側にまで伸ばした。しかし、生きることーーその強さも弱さも何も変わらなかった。",https://d2ylnsrvo8rdzz.cloudfront.net/v2.0/images/books/4063289370.324.450.resize.jpg?t=1618498800,https://comicspace.jp//title/7870
105,惡の華,押見修造,恋愛・ラブコメ,少年マンガ,完結・全11巻,"
ボードレールを愛する少年、春日高男。ある日、彼は、放課後の教室に落ちていた、大好きな佐伯奈々子の体操着を、思わず盗ってしまう。それを、嫌われ者の少女・仲村佐和に見られていたことが発覚!! 盗んだことをバラされたくない春日に、彼女が求めた“契約”とは‥‥!?",https://d2ylnsrvo8rdzz.cloudfront.net/v2.0/images/books/4063951162.324.450.resize.jpg?t=1618498800,https://comicspace.jp//title/62866
106,嘘喰い,迫稔雄,裏社会・アングラ,青年マンガ,完結・全49巻,"遊ぶ金欲しさに闇金に手を出し、取立てに追われる青年・梶くんの前に現れた謎の男・斑目貘。自らギャンブラーと名乗り、借金返済を手伝うと豪語する貘は、闇カジノへと乗り込むが…！？

",https://d2ylnsrvo8rdzz.cloudfront.net/v2.0/images/books/4088908562.324.450.resize.jpg?t=1618498800,https://comicspace.jp//title/17116
107,AKIRA,大友克洋,SF・ファンタジー,青年マンガ,完結・全6巻,第3次世界大戦から38年、世界は新たな繁栄をむかえつつあった――。ネオ東京を舞台に繰り広げられる本格SFアクションコミックの金字塔!,https://d2ylnsrvo8rdzz.cloudfront.net/v2.0/images/books/406319339X.324.450.resize.jpg?t=1618498800,https://comicspace.jp//title/3405
108,ヲタクに恋は難しい,ふじた,恋愛・ラブコメ,女性マンガ,完結・全11巻,"隠れ腐女子のOL・成海(なるみ)と、ルックス良く有能だが重度のゲーヲタである宏嵩(ひろたか)とのヲタク同士の不器用な恋愛を描いたラブコメディ。 
『次にくるマンガ大賞2014』の〝本にして欲しいWebマンガ部門〟第1位、pixiv内オリジナルコミックブックマーク数歴代1位の大人気作品が多数の描き下ろしを加えて待望の書籍化",https://d2ylnsrvo8rdzz.cloudfront.net/v2.0/images/books/475802281X.324.450.resize.jpg?t=1618498800,https://comicspace.jp//title/81995
109,血の轍,押見修造,ヒューマンドラマ,青年マンガ,既刊16巻,"「惡の華」押見修造 最新作は究極の毒親! 

「惡の華」「ハピネス」「ぼくは麻理のなか」「志乃ちゃんは自分の名前が言えない」など、傑作を次々と世に送り出してきた鬼才・押見修造氏が、ついに辿り着いたテーマ「毒親」!

母・静子からたっぷりの愛情を注がれ、平穏な日常を送る中学二年生の長部静一。しかし、ある夏の日、その穏やかな家庭は激変する。母・静子によって。狂瀾の奈落へと!

読む者の目を釘付けにせずにはおけない、渾身の最新作!!",https://d2ylnsrvo8rdzz.cloudfront.net/v2.0/images/books/4098617137.324.450.resize.jpg?t=1618498800,https://comicspace.jp//title/111032
110,彼女、お借りします,宮島礼吏,恋愛・ラブコメ,少年マンガ,既刊32巻,"たった一度の“レンタル”で、輝き出す“リアル”がある。
都内在住のダメダメ大学生、木ノ下和也(20)。ある日、“ワケアリ”の超絶美少女、水原千鶴との出会いをキッカケに、彼の人生は大きく変わり始めて──!?",https://d2ylnsrvo8rdzz.cloudfront.net/v2.0/images/books/4065321840.324.450.resize.jpg?t=1618498800,https://comicspace.jp//title/111599
111,家庭教師ヒットマンREBORN!,天野明,恋愛・ラブコメ,少年マンガ,完結・全42巻,ダメ人生を送る中学生・ツナの家に、家庭教師がやって来た！見た目赤ん坊、本業殺し屋のリボーンの目的は、ツナをマフィアの10代目にすること！死ぬ気になれば何でもできる!?と命がけのお勉強が始まった！,https://d2ylnsrvo8rdzz.cloudfront.net/v2.0/images/books/4088705521.324.450.resize.jpg?t=1618498800,https://comicspace.jp//title/16647
112,監獄学園,平本アキラ,学園,青年マンガ,完結・全28巻,東京都郊外にある私立八光(はちみつ)学園は由緒正しい全寮制の女子高・・・・だった。本年度から理事長交代によって教育方針が変わり、男子が入学することになったのだが、入ってきたのは主人公の藤野清志他、たったの5人。女子1000人に対して圧倒的少数の男子どもを待ち受けるのは、はたして天国か地獄か。男共の下心がうずきまくる仰天ハイスクールコメディ始業!!,https://d2ylnsrvo8rdzz.cloudfront.net/v2.0/images/books/4065112664.324.450.resize.jpg?t=1618498800,https://comicspace.jp//title/62660
113,レベルE,冨樫義博,SF・ファンタジー,少年マンガ,完結・全3巻,地球にやってきたドグラ星の第一王子は、最高の頭脳と最悪な性格の持ち主だった！　王子はディスクン星人と手を組み、地球人の高校生をもまきこんで、親衛隊員の忠誠心を試そうと大芝居をうつが？,https://d2ylnsrvo8rdzz.cloudfront.net/v2.0/images/books/4088720733.324.450.resize.jpg?t=1618498800,https://comicspace.jp//title/16430
114,アオハライド,咲坂伊緒,恋愛・ラブコメ,少女マンガ,完結・全13巻,高1の双葉には中学時代から忘れられない初恋の人、「田中くん」がいる。中学のとき女子に、はぶられた経験から自分を偽って日々過ごしている。「田中くん」を思わせる男子に出会うが、彼は――。熱く青く一生懸命にぶつかりあう高校生活グラフィティ!,https://d2ylnsrvo8rdzz.cloudfront.net/v2.0/images/books/4088453891.324.450.resize.jpg?t=1618498800,https://comicspace.jp//title/64873
115,青の祓魔師,加藤和恵,SF・ファンタジー,少年マンガ,既刊29巻,悪魔の血を継ぐ少年・奥村燐の前に、突如父を名乗る魔神が現れ、悪魔が棲む虚無界へと連れ去ろうとする。高名な祓魔師である養父は、命を懸けて燐を守り死んでしまう…。燐は己の無力さを悔やみ、祓魔師になって魔神と闘うことを強く決意するッ！！,https://d2ylnsrvo8rdzz.cloudfront.net/v2.0/images/books/4088834607.324.450.resize.jpg?t=1618498800,https://comicspace.jp//title/65588
116,夢中さ、きみに。,和山やま,ギャグ・コメディー,青年マンガ,完結・全1巻,気になる君はうしろの席に??。ＷＥＢなどで噂の作品たちが待望のコミックス化。話題の作品「うしろの二階堂」は全ページ加筆修正のうえ、30ページ以上の描き下ろし続編を収録。,https://d2ylnsrvo8rdzz.cloudfront.net/v2.0/images/books/4047357189.324.450.resize.jpg?t=1618498800,https://comicspace.jp//title/118886
117,恋は雨上がりのように,眉月じゅん,恋愛・ラブコメ,青年マンガ,完結・全10巻,"少女17歳。片想い相手は冴えないおじさん 

橘あきら。17歳。高校2年生。
感情表現が少ないクールな彼女が、胸に秘めし恋。
その相手はバイト先のファミレス店長。

ちょっと寝ぐせがついてて、
たまにチャックが開いてて、
後頭部には10円ハゲのある
そんな冴えないおじさん。

海辺の街を舞台に
青春の交差点で立ち止まったままの彼女と
人生の折り返し地点にさしかかった彼が織りなす
小さな恋のものがたり。 ",https://d2ylnsrvo8rdzz.cloudfront.net/v2.0/images/books/4091897932.324.450.resize.jpg?t=1618498800,https://comicspace.jp//title/70023
118,グラップラー刃牙,板垣恵介,バトル・アクション,少年マンガ,完結・全42巻,範馬刃牙は“地上最強の生物”＝父を超えるため、最強を名乗る男達と戦う!　格闘まんがの決定版!,https://d2ylnsrvo8rdzz.cloudfront.net/v2.0/images/books/4253056156.324.450.resize.jpg?t=1618498800,https://comicspace.jp//title/24753
119,北北西に曇と往け,入江亜季,SF・ファンタジー,青年マンガ,既刊6巻,"旅、ときどき探偵。

舞台はアイスランド島、北緯64度のランズ・エンド。
17歳の主人公・御山慧には3つの秘密があった。
ひとつ、クルマと話ができる。ふたつ、美人な女の子が苦手。
3つ、その職業は、探偵――。

あるときは逃げ出した飼い犬を連れ戻し、
またあるときはひと目ぼれの相手を探し出す。
愛車ジムニーを駆りながら、
胸のすくような探偵活劇が、いま始まる!

若き魔法使いの成長を描いた『乱と灰色の世界』から2年。入江亜季の最新作は極北の大地が舞台の""エブリデイ・ワンダー""!!",https://d2ylnsrvo8rdzz.cloudfront.net/v2.0/images/books/4047372323.324.450.resize.jpg?t=1618498800,https://comicspace.jp//title/111030
120,違国日記,ヤマシタトモコ,ヒューマンドラマ,少女マンガ,既刊11巻,"「へんな人と
暮らしはじめた。 

お父さんとお母さんが 
死んだので。」 

35歳、少女小説家。(亡き母の姉)
15歳、女子中学生(姉の遺児)。

不器用女王と子犬のような姪が
おくる年の差同居譚。
手さぐり暮らしの第1巻! 


少女小説家の高代槙生(35)は 
姉夫婦の葬式で遺児の・朝(15)が 
親戚間をたらい回しにされているのを
見過ごせず、勢いで引き取ることにした。

しかし姪を連れ帰ったものの、
翌日には我に返り、持ち前の人見知りが発動。
槙生は、誰かと暮らすのには不向きな
自分の性格を忘れていた……。

対する朝は、人見知りもなく
“大人らしくない大人”・槙生との暮らしを
物珍しくも素直に受け止めていく。",https://d2ylnsrvo8rdzz.cloudfront.net/v2.0/images/books/4396768931.324.450.resize.jpg?t=1618498800,https://comicspace.jp//title/111711
121,のだめカンタービレ,二ノ宮知子,恋愛・ラブコメ,女性マンガ,完結・全25巻,"カプリチオーソ(気ままに気まぐれに)、カンタービレ(歌うように)。不思議少女・野田恵(のだめ)のクラシック音楽コメディ!!

",https://d2ylnsrvo8rdzz.cloudfront.net/v2.0/images/books/4063408264.324.450.resize.jpg?t=1618498800,https://comicspace.jp//title/7663
122,テニスの王子様,許斐剛,バトル・アクション,少年マンガ,完結・全46巻,テニスの名門校・青春学園中等部に入学してきた越前リョーマ。アメリカJr．大会4連続優勝の経歴を持ち、天才少年と呼ばれるリョーマだったが、青学テニス部には、1年生は夏まで大会に出られない規則があり…!?,https://d2ylnsrvo8rdzz.cloudfront.net/v2.0/images/books/4088745221.324.450.resize.jpg?t=1618498800,https://comicspace.jp//title/16522
123,あひるの空,日向武史,学園,少年マンガ,既刊50巻,"149cmと小柄な高校生ながら、天性の才能を魅せるバスケ少年・車谷空! 入学先のクズ高で、最初はバスケをやるには困難な状況だったものの、空の熱意に影響を受けて、千秋・百春兄弟や、天才少年・トビなど続々メンバーが集まった! 順調に進みだしたクズ高バスケ部だったが、挫折や事件とあらゆることに巻き込まれていく‥‥。バスケを愛する空たちは、数々の困難にどう立ち向かうのか!?
",https://d2ylnsrvo8rdzz.cloudfront.net/v2.0/images/books/4065128382.324.450.resize.jpg?t=1618498800,https://comicspace.jp//title/9992
124,炎炎ノ消防隊,大久保篤,バトル・アクション,少年マンガ,既刊33巻,全人類は怯えていた──。何の変哲もない人が突如燃え出し、炎の怪物“焔ビト”となって、破壊の限りを尽くす“人体発火現象”。炎の恐怖に立ち向かう特殊消防隊は、現象の謎を解明し、人類を救うことが使命! とある理由から“悪魔”と呼ばれる、新入隊員の少年・シンラは、“ヒーロー”を目指し、仲間たちと共に、“焔ビト”との戦いの日々に身を投じる!! 燃え上がるバトル・ファンタジー、始動!!,https://d2ylnsrvo8rdzz.cloudfront.net/v2.0/images/books/4065268907.324.450.resize.jpg?t=1618498800,https://comicspace.jp//title/63920
125,マギ,大高忍,SF・ファンタジー,少年マンガ,完結・全37巻,笛の中に住む精霊と一緒に旅をする、不思議な少年アラジン。その目的は「ジンの金属器」を探すこと…。未知なる魔法と秘宝の世界へようこそ！　数え切れぬ出会いと運命が待ち受けるマジカルアドベンチャー!!,https://d2ylnsrvo8rdzz.cloudfront.net/v2.0/images/books/4091278760.324.450.resize.jpg?t=1618498800,https://comicspace.jp//title/66877
126,ダイヤのA,寺嶋裕二,スポーツ,少年マンガ,完結・全47巻,もう一度、あのミットに投げ込みたい‥・・。 捕手・御幸一也との出会いが、少年の人生を一変させる。沢村栄純15歳。己の力を試すため、仲間に別れを告げ、野球名門校・青道の扉を叩く。そこには己のすべてをかけた誇り高き球児達がいた! 王道にして斬新。感動と興奮の高校野球漫画!!,https://d2ylnsrvo8rdzz.cloudfront.net/v2.0/images/books/4063954986.324.450.resize.jpg?t=1618498800,https://comicspace.jp//title/10037
127,天国大魔境,石黒正数,SF・ファンタジー,青年マンガ,既刊9巻,"
美しい壁に囲まれた世界で暮らす子供たち。少年・トキオはある日、「外の外に行きたいですか?」というメッセージを受け取る。一方、外では、マルとおねえちゃんがサバイバル生活をしながら、天国を求めて、魔境となった世界を旅している。未来の日本を「あね散歩」。二つの世界を縦横無尽に行き来する、超才・石黒正数最新作、極大スケールでスタート!!",https://d2ylnsrvo8rdzz.cloudfront.net/v2.0/images/books/4065319447.324.450.resize.jpg?t=1618498800,https://comicspace.jp//title/114099
128,僕たちがやりました,荒木光,ヒューマンドラマ,青年マンガ,完結・全9巻,"ボウリングのハイスコア更新できそうだし‥
来週 けっこー観たいテレビあるし‥
ツルんでるパイセンは金持ちだし‥

俺の人生 希望しかないわぁ

金城宗幸(神さまの言うとおり)×荒木光(ヤンキー塾へ行く)が織りなす、「今日」に満足してる若人たちの「そこそこ」を目指す青春譚。だが、このタッグが、それだけで終わるハズがない!!",https://d2ylnsrvo8rdzz.cloudfront.net/v2.0/images/books/4063829448.324.450.resize.jpg?t=1618498800,https://comicspace.jp//title/62783
129,ReLIFE リライフ,夜宵草,学園,青年マンガ,完結・全15巻,"驚異の300万DL! Web漫画「comico」連載の人気No.1コミック! 
“人生、やり直したい""と思ったことありませんか?
人生つまづきまくりの主人公、海崎新太27歳の学園青春コメディが
アース・スターコミックスから全編オールカラーで登場!",https://d2ylnsrvo8rdzz.cloudfront.net/v2.0/images/books/4803013845.324.450.resize.jpg?t=1618498800,https://comicspace.jp//title/89244
130,風の谷のナウシカ,宮崎駿,SF・ファンタジー,青年マンガ,完結・全7巻,「火の7日間」とよばれる戦争によって、巨大文明が崩壊してから千年。荒れた大地に腐海という死の森が広がっていた。主人公・ナウシカのいる風の谷が、恐ろしい巨神兵を使い腐海を焼き払おうとするクシャナたちに侵略された。腐海の森と共に生きようとするナウシカと、腐海を焼き払おうとする人々。だが、その腐海には、秘密があって……。,https://d2ylnsrvo8rdzz.cloudfront.net/v2.0/images/books/4197700253.324.450.resize.jpg?t=1618498800,https://comicspace.jp//title/24347
131,からくりサーカス,藤田和日郎,SF・ファンタジー,少年マンガ,完結・全43巻,遺産相続絡みで命を狙われる少年・勝と彼を助けるためにからくり人形を操る女・しろがね。二人を中心に始まった熱血曲芸活劇、開演中--,https://d2ylnsrvo8rdzz.cloudfront.net/v2.0/images/books/4091205704.324.450.resize.jpg?t=1618498800,https://comicspace.jp//title/18002
132,MONSTER,浦沢直樹,ミステリー・サスペンス,青年マンガ,完結・全18巻,人の命を助けるはずのメスが、怪物を産み出すことになろうとは!! 激動のヨーロッパを舞台にした、戦慄のサイコ・サスペンスいよいよ発進。,https://d2ylnsrvo8rdzz.cloudfront.net/v2.0/images/books/4091852785.324.450.resize.jpg?t=1618498800,https://comicspace.jp//title/21759
133,DAYS,安田剛士,スポーツ,少年マンガ,完結・全42巻,嵐の夜、ふたりの少年が出会った。何のとりえもない、特技もない、けれど人知れず、熱い心を秘めた少年・柄本つくし。孤独なサッカーの天才・風間陣。嵐の夜、交わるはずのないふたりが出会ったとき、高校サッカーに旋風を巻き起こす、灼熱、感動、奇跡の物語が幕を開ける!!,https://d2ylnsrvo8rdzz.cloudfront.net/v2.0/images/books/4065222168.324.450.resize.jpg?t=1618498800,https://comicspace.jp//title/62950
134,かくかくしかじか,東村アキコ,ヒューマンドラマ,少女マンガ,完結・全5巻,自分は絵がうまい。本気でうぬぼれていた林明子(高3)は竹刀を持った絵画教師・日高先生に罵られ…!? 少女まんが家を夢みたあの頃を描くドラマチック・メモリーズ!,https://d2ylnsrvo8rdzz.cloudfront.net/v2.0/images/books/4087920046.324.450.resize.jpg?t=1618498800,https://comicspace.jp//title/64425
135,フルーツバスケット,高屋奈月,SF・ファンタジー,少女マンガ,完結・全23巻,『フルーツバスケット』は、高屋奈月による日本の漫画作品。『花とゆめ』（白泉社）において、1998年16号から2006年24号まで連載された（ただし、2000年18号から2001年19号まで作者の体調不良により休載）。全23巻。略称は「フルバ」・「フルバス」など。作者の高屋奈月は、「フルバ」と呼称している。,https://d2ylnsrvo8rdzz.cloudfront.net/v2.0/images/books/4592184033.324.450.resize.jpg?t=1618498800,https://comicspace.jp//title/35204
136,ハチミツとクローバー,羽海野チカ,恋愛・ラブコメ,少女マンガ,完結・全10巻,6畳+台所3畳フロなしというアパートで貧乏ながら、結構楽しい生活を送る美大生・森田、真山、竹本の3人。そんな彼らが、少女のように小さく可憐な女の子・花本はぐみと出会い…!?,https://d2ylnsrvo8rdzz.cloudfront.net/v2.0/images/books/4088653580.324.450.resize.jpg?t=1618498800,https://comicspace.jp//title/16032
137,からかい上手の高木さん,山本崇一朗,恋愛・ラブコメ,少年マンガ,既刊19巻,"照れたら負けの全力青春バトル! 

いっつもオレをからかってくる
隣の席の高木さん。
だけど見ていろ、今日こそは必ず
高木さんをからかって
恥ずかしがらせてやる!!",https://d2ylnsrvo8rdzz.cloudfront.net/v2.0/images/books/4098517639.324.450.resize.jpg?t=1618498800,https://comicspace.jp//title/110647
138,アイアムアヒーロー,花沢健吾,SF・ファンタジー,青年マンガ,完結・全22巻,"鈴木英雄。35歳。
漫画家のアシスタント生活。妄想の中でしか現実に勝てず、そんな自分に付き合ってくれる彼女との仲にも、不安と不満が募る。
だがある日、現実の世界が壊れ、姿を変えていき…!?　",https://d2ylnsrvo8rdzz.cloudfront.net/v2.0/images/books/4091893791.324.450.resize.jpg?t=1618498800,https://comicspace.jp//title/69657
139,波よ聞いてくれ,沙村広明,ヒューマンドラマ,青年マンガ,既刊9巻,舞台は北海道サッポロ。主人公の鼓田ミナレは酒場で知り合ったラジオ局員にグチまじりに失恋トークを披露する。すると翌日、録音されていたトークがラジオの生放送で流されてしまった。激高したミナレはラジオ局に突撃するも、ディレクターの口車に乗せられアドリブで自身の恋愛観を叫ぶハメに。この縁でラジオ業界から勧誘されるミナレを中心に、個性あふれる面々の人生が激しく動き出す。まさに、波よ聞いてくれ、なのだ!,https://d2ylnsrvo8rdzz.cloudfront.net/v2.0/images/books/4065265487.324.450.resize.jpg?t=1618498800,https://comicspace.jp//title/63510
140,王様ランキング,十日草輔,SF・ファンタジー,少女マンガ,既刊17巻,"超・超・超話題のネットマンガ「王様ランキング」がついに書籍化!

耳が聞こえない、非力な王子・ボッジ。王族の長男でありながら、周りからは王の器でないと噂されていた。そんな中、ボッジに初めて友達ができる。名前はカゲ。誰よりも一生懸命なボッジと少しひねくれ者だけれど、優しいカゲ。カゲとの出会いで、ボッジの人生は大きく変わり出す――。描き下ろしもたっぷり収録した1・2巻同時発売!",https://d2ylnsrvo8rdzz.cloudfront.net/v2.0/images/books/4047375985.324.450.resize.jpg?t=1618498800,https://comicspace.jp//title/116948
141,テラフォーマーズ,橘賢一,SF・ファンタジー,青年マンガ,既刊22巻,"
「全く見た事のないものと出会う時、人間は人間ではいられない。」
西暦2599年──。火星のテラフォーミングが進行し、その地表は一面の苔とある生物で覆われていた。そして、選ばれし15人の若者達は重要任務の遂行を期待され、有人宇宙船『バグズ2号』に搭乗し、火星へと向かう。かの地で彼らを待つ、想定外の進化を遂げた生物の正体とは…!?
",https://d2ylnsrvo8rdzz.cloudfront.net/v2.0/images/books/4088911652.324.450.resize.jpg?t=1618498800,https://comicspace.jp//title/65793
142,BECK ベック,ハロルド作石,ヒューマンドラマ,少年マンガ,完結・全34巻,果てしなく続く、穏やかで退屈な中学生活。それは、いつまでも変わらないはずだった――あいつに出会うまでは……。,https://d2ylnsrvo8rdzz.cloudfront.net/v2.0/images/books/4063755754.324.450.resize.jpg?t=1618498800,https://comicspace.jp//title/62209
143,カラオケ行こ！,和山やま,ギャグ・コメディー,青年マンガ,完結・全1巻,合唱部部長の聡実はヤクザの狂児にからまれて歌のレッスンを頼まれる。彼は、絶対に歌がうまくなりたい狂児に毎週拉致されて嫌々ながら歌唱指導を行うが、やがてふたりの間には奇妙な友情が芽生えてきて……？話題の作品が描き下ろしを加えて待望のコミックス化!!［　登場キャラクター紹介　］〇岡　聡実：森丘中学校合唱部の部長。とある悩みを抱えているのだが、なぜか狂児に歌を教えることに。真面目だが毒舌な中学３年生。【得意な歌】教えません。〇成田狂児：四代目祭林組若頭補佐。組長が主催するカラオケ大会の罰ゲームを回避するために歌がうまくなりたい39歳。【得意な歌】紅〇組長：狂児の組の組長。絶対音感がある。１番好きなことはカラオケで、２番目に好きなことは刺青。【得意な歌】タイガー＆ドラゴン,https://d2ylnsrvo8rdzz.cloudfront.net/v2.0/images/books/4047361518.324.450.resize.jpg?t=1618498800,https://comicspace.jp//title/122485
144,ボールルームへようこそ,竹内友,スポーツ,少年マンガ,既刊12巻,平凡な中学生、富士田多々良は何の目標も見出せず、無為な日々を過ごしていた。そんなある日、不良に絡まれているところを謎の男に助けられる。 男が多々良を連れて行った先はなんと、社交ダンスの教室! 同じ学校に通うダンサーの女の子、花岡雫や、そのパートナーで天才ダンサーの兵藤清春らに触発されながら多々良のダンススポーツにかける青春が幕を上げる!!,https://d2ylnsrvo8rdzz.cloudfront.net/v2.0/images/books/4065294363.324.450.resize.jpg?t=1618498800,https://comicspace.jp//title/59893
145,可愛いだけじゃない式守さん,真木蛍五,恋愛・ラブコメ,少年マンガ,完結・全20巻,僕の彼女の式守さんは、とても可愛くて、とても××です!!　和泉くんの彼女は、同じ高校の同級生・式守さん。とっても可愛い女の子。優しくて、よく笑って、和泉くんといるときは、いつも嬉しそう。そんな愛情全開の彼女は、不幸体質で大人しい和泉くんの行動をいつもチェック。彼の言葉や反応ひとつで、あら不思議。 ××な彼女に大変身!!　Twitterで累計１５０万超「いいね」を獲得した、超話題の尊さ１０００％ショートラブコメ!!,https://d2ylnsrvo8rdzz.cloudfront.net/v2.0/images/books/4065313481.324.450.resize.jpg?t=1618498800,https://comicspace.jp//title/118285
146,響~小説家になる方法~,柳本光晴,ヒューマンドラマ,青年マンガ,完結・全13巻,"ギクシャクは創造の母!

とある文芸編集部の新人賞宛に送りつけられた、直筆の投稿原稿。
編集部員の花井は、応募条件を満たさず、
ゴミ箱に捨てられていたその原稿を偶然見つける。
封を開けると、これまで出会ったことのない
革新的な内容の小説であった。
作者の名は、鮎喰響。連絡先は書いていない・・・ ",https://d2ylnsrvo8rdzz.cloudfront.net/v2.0/images/books/4098604485.324.450.resize.jpg?t=1618498800,https://comicspace.jp//title/100119
147,ヒストリエ,岩明均,歴史・時代劇,青年マンガ,既刊11巻,『寄生獣』で世を震撼させた岩明均氏が漫画家としてデビューする前から温めていた物語、それがこの『ヒストリエ』。舞台は紀元前、後にアレキサンダー大王の書記官となるエウメネスの波乱に満ちた生涯を描いた歴史大作です。蛮族スキタイの出身でありながらそれを知らず、都市国家カルディアでギリシア人養父母に育てられたエウメネスは、そのおかげでギリシア的教養を身につけることとなる。ある日養父がスキタイ人に殺され、自分の出自を知ったエウメネスは奴隷の身分に落とされてしまう。それが彼の波乱の旅の始まりだったのです。,https://d2ylnsrvo8rdzz.cloudfront.net/v2.0/images/books/4065156483.324.450.resize.jpg?t=1618498800,https://comicspace.jp//title/6803
148,見える子ちゃん,泉朝樹,ギャグ・コメディー,青年マンガ,既刊9巻,ある日突然、普通の人には見えない異形な存在が見えるようになってしまった「みこ」。彼女は彼らから逃げるでもなく、立ち向かうでもなく…精一杯シカトしつづける事に。怖いようで怖くない、新感覚ホラーコメディ!,https://d2ylnsrvo8rdzz.cloudfront.net/v2.0/images/books/4046822406.324.450.resize.jpg?t=1618498800,https://comicspace.jp//title/117837
149,犬夜叉,高橋留美子,恋愛・ラブコメ,少年マンガ,完結・全56巻,現代と戦国時代を行き来する少女・かごめと半妖の少年・犬夜叉が、邪悪な化け物と大激突!! 無敵の二人のステキな大冒険ワールド!!,https://d2ylnsrvo8rdzz.cloudfront.net/v2.0/images/books/4091215807.324.450.resize.jpg?t=1618498800,https://comicspace.jp//title/17996
150,椿町ロンリープラネット,やまもり三香,恋愛・ラブコメ,少女マンガ,完結・全14巻,"大野ふみ、高校2年生。父親の借金返済のため住み込み家政婦をすることに。家主は…目つきも態度も悪い小説家・木曳野暁。新しい町での同居生活一体どうなるの──!?
",https://d2ylnsrvo8rdzz.cloudfront.net/v2.0/images/books/4088442423.324.450.resize.jpg?t=1618498800,https://comicspace.jp//title/64634
151,今際の国のアリス,麻生羽呂,バトル・アクション,少年マンガ,完結・全18巻,"理不尽な「げぇむ」を生き延びろ!

やりきれない日常に苛立つ高校生・有栖(アリス)良平が悪友の苅部(カルベ)や張太(チョータ)とブラつく夜、街は突然巨大な花火に包まれ、気づけば周囲の人気は消えていた。
夜、ふらりと入った神社で告げられる「げぇむ」の始まり。一歩誤れば命が奪われる理不尽な難題の数々を前に、アリスの眠っていた能力が目覚め始める… 「呪法解禁!!ハイド&クローサー」の麻生羽呂が全くスタイルを変えて挑む戦慄のサバイバル・サスペンス、開幕!",https://d2ylnsrvo8rdzz.cloudfront.net/v2.0/images/books/4091270972.324.450.resize.jpg?t=1618498800,https://comicspace.jp//title/66792
152,ドメスティックな彼女,流石景,恋愛・ラブコメ,少年マンガ,完結・全28巻,『GE~グッドエンディング~』の流石景が描く、衝撃のラブストーリー! 初体験の相手・瑠衣&想いを寄せる高校の教師・陽菜と突然家族になった夏生は‥‥。一つ屋根の下、ピュアで過激な三角関係!,https://d2ylnsrvo8rdzz.cloudfront.net/v2.0/images/books/4065203384.324.450.resize.jpg?t=1618498800,https://comicspace.jp//title/63821
153,左ききのエレン,nifuni,ヒューマンドラマ,少年マンガ,完結・全24巻,広告代理店勤務の若手デザイナー・朝倉光一。納得出来ない理由で自ら勝ち取った仕事を取り上げられた彼は、やりきれない気持ちを抱えて横浜の美術館へと向かう。そこは、彼が初めて「エレン」という才能と出会った場所で…。大人の心も抉るクリエイター群像劇、開幕!,https://d2ylnsrvo8rdzz.cloudfront.net/v2.0/images/books/4088834046.324.450.resize.jpg?t=1618498800,https://comicspace.jp//title/112352
154,GIGANT,奥浩哉,SF・ファンタジー,青年マンガ,完結・全10巻,"『GANTZ』奥浩哉が描く圧倒的最新作! 

人生に巨大な奇跡は起こるだろうか。僕たちはそれに気づくだろうか。

映画監督志望の高校生・零がある日、町で目にしたのは、大ファンである「女優」パピコを中傷する張り紙だった。深夜、家を飛び出し張り紙をはがしてまわる零に声をかけたひとりの女性。それは---。
まだ誰も目にしたことのない、全く新しいボーイ・ミーツ・ガールが幕を開ける!! 
",https://d2ylnsrvo8rdzz.cloudfront.net/v2.0/images/books/409861233X.324.450.resize.jpg?t=1618498800,https://comicspace.jp//title/113533
155,バキ,板垣恵介,バトル・アクション,少年マンガ,完結・全31巻,その強さのため、闇に隠れし最強の死刑囚５人。脱獄し、東京を目指す。彼らの目的は刃牙と闘うコト!,https://d2ylnsrvo8rdzz.cloudfront.net/v2.0/images/books/4253209815.324.450.resize.jpg?t=1618498800,https://comicspace.jp//title/24783
156,BANANA FISH,吉田秋生,ミステリー・サスペンス,少女マンガ,完結・全19巻,1985年、ストリートキッズのボス、アッシュはニューヨークのロウアー・イースト・サイドで、胸を射たれて瀕死の男から薬物サンプルを受け取った。男は「バナナフィッシュに会え…」と言い遺して息を引き取る。ベトナム戦争で出征した際、麻薬にやられて正気を失ったままの兄グリフィンの面倒をみていた彼は、兄が時々つぶやく「バナナフィッシュ」と同じことばを聞き、興味を抱いた。殺された男を追っていたのは暗黒街のボス、ディノ・ゴルツィネ。アッシュは男と最後に接触した者としてディノに疑われる。雑誌の取材でアッシュと出会った、カメラマン助手の英二も巻き込んで事件は思わぬ展開を見せ…。,https://d2ylnsrvo8rdzz.cloudfront.net/v2.0/images/books/409133539X.324.450.resize.jpg?t=1618498800,https://comicspace.jp//title/18620
157,甘々と稲妻,雨隠ギド,料理・グルメ,女性マンガ,完結・全12巻,妻を亡くし、ひとりで娘の子育てに奮戦する数学教師・犬塚。料理が苦手で小食で味オンチな彼は、ひょんなことから教え子・飯田小鳥と、一緒にごはんを作って娘と3人で食べることに!!,https://d2ylnsrvo8rdzz.cloudfront.net/v2.0/images/books/4065144981.324.450.resize.jpg?t=1618498800,https://comicspace.jp//title/63475
158,新世紀エヴァンゲリオン,貞本義行,SF・ファンタジー,青年マンガ,完結・全14巻,西暦2000年、南極に隕石が落下。かくして有史以来の大カタストロフィー「セカンド・インパクト」が起こった。それから15年、新たな危機が人類を襲う。「使徒」襲来である。使徒に対抗すべく、人類は汎用人型決戦兵器「エヴァンゲリオン」を開発。そして、パイロットに選ばれた「3人の少年少女」たちの戦いが、今、始まる――。,https://d2ylnsrvo8rdzz.cloudfront.net/v2.0/images/books/404101932X.324.450.resize.jpg?t=1618498800,https://comicspace.jp//title/830
159,君は放課後インソムニア,オジロマコト,恋愛・ラブコメ,青年マンガ,既刊13巻,青春漫画の旗手が贈る思春期の眠れない夜。『富士山さんは思春期』『猫のお寺の知恩さん』で一瞬のきらめきのような思春期を描ききったオジロマコト最新作は、能登を舞台に描かれる“眠れない”高校生の思春期の夜。不眠で悩む男子高校生・ガンタは同じ悩みを抱えるイサキと出合い、放課後に学校の今は物置になっている天文台で、つかのまの眠りと、秘密を共有するという不思議な関係が始まる……　読めば明るく笑えて、そして彼らと一緒に心地よい眠りに誘われます。そしてまっすぐに、男の子と女の子の、友達から恋愛への初々しさを描きます。＜あなたの眠れない夜にも、きっと意味がある＞日本人の４人に１人は睡眠障害を抱え、10代の不眠症も急増していると言われる現代、くたびれているのに眠れない、つらくながい夜に「もうひとりぼっちじゃない」と言ってくれる作品です。※インソムニア＝不眠症,https://d2ylnsrvo8rdzz.cloudfront.net/v2.0/images/books/4098617218.324.450.resize.jpg?t=1618498800,https://comicspace.jp//title/119228
160,この音とまれ!,アミュー,学園,少年マンガ,既刊28巻,先輩が卒業して箏曲部ただ一人の部員になってしまった武蔵。四月になり新入部員の勧誘に励むのだが、部の存在自体を知らない人も居る状態。そんな彼の前に現れた、見るからに不良で箏とは縁の無さそうな新入生が入部したいと言い出して!?,https://d2ylnsrvo8rdzz.cloudfront.net/v2.0/images/books/4088833775.324.450.resize.jpg?t=1618498800,https://comicspace.jp//title/65427
161,水は海に向かって流れる,田島列島,ヒューマンドラマ,青年マンガ,完結・全3巻,「あの人、本当は怒りたいんじゃないの？」高校への進学を機に、叔父の家に居候することになった直達。だが最寄りの駅に迎えにきたのは見知らぬ大人の女性、榊さんだった。案内された家の住人は、親に黙って脱サラしたマンガ家（叔父）、女装の占い師、ヒゲメガネの大学教授、どこか影のある25歳OLと、いずれも曲者揃い。そこに高校1年生の直達を加えて、男女5人での一つ屋根の下、奇妙な共同生活が始まった。共同生活を送るうち、日々を淡々と過ごす25歳OLの榊さんに淡い思いを抱き始める直達だったが、彼女と自分との間には思いも寄らぬ因縁が……。少年が家族の元を離れて初めて知る、家族の「罪」。自分もその被害者なのかもしれないが、加害者でもあるような気がする。割り切れないモヤモヤした思いを抱きながら、少年は少しずつ家族を知り、大人の階段を上っていく。前作から4年の沈黙を破った田島列島が、ユーモラスかつセンシティブな独特の筆致で描くのは、家族の元を離れて始まる、家族の物語。家族の元を離れて始まる、家族の物語。高１春、曲者揃いの住人たちと男女5人の共同生活を始めた直達。彼が淡い想いを寄せる25歳OLの榊さんとの間には、思いも寄らぬ因縁が……。「別冊マガジン」連載時より作家、著名人、漫画読みから絶賛の声が続々！宝島社「このマンガがすごい!2015」オトコ編第3位、マンガ大賞2015第2位など各漫画賞を総ナメにした名作『子供はわかってあげない』の田島列島、待望の最新作！,https://d2ylnsrvo8rdzz.cloudfront.net/v2.0/images/books/4065205875.324.450.resize.jpg?t=1618498800,https://comicspace.jp//title/118200
162,来世は他人がいい,小西明日翔,恋愛・ラブコメ,青年マンガ,既刊7巻,極道の家で生まれ育った女子高生、染井吉乃。家庭環境は特殊でも、おとなしく平穏に日々を過ごしてきた。婚約者の深山霧島(みやま・きりしま)と出会うまでは――!デビュー作『春の呪い』で「このマンガがすごい!2017」(オンナ編)2位にランクインした小西明日翔の最新作。はみ出し者たちが織りなす、スリルと笑いが融合した極道エンタメがここに誕生!!,https://d2ylnsrvo8rdzz.cloudfront.net/v2.0/images/books/4065299195.324.450.resize.jpg?t=1618498800,https://comicspace.jp//title/111777
163,H2,あだち充,恋愛・ラブコメ,少年マンガ,完結・全34巻,比呂(ひろ)、英雄(ひでお)、ひかり、春華(はるか)。恋に、スポーツに、それぞれ「青春」が熱く輝く!大好評バックアップ「青春」ストーリー。,https://d2ylnsrvo8rdzz.cloudfront.net/v2.0/images/books/409125604X.324.450.resize.jpg?t=1618498800,https://comicspace.jp//title/17892
164,親愛なる僕へ殺意をこめて,井龍一,ミステリー・サスペンス,青年マンガ,完結・全11巻,"「人生は楽しんだもん勝ち」がモットーの大学生・浦島エイジ。だが彼は、人には言えない“過酷な運命”を背負っていた。その現実と向き合った時、彼は惨劇に巻き込まれていく―――。

",https://d2ylnsrvo8rdzz.cloudfront.net/v2.0/images/books/4065213789.324.450.resize.jpg?t=1618498800,https://comicspace.jp//title/114919
165,うしおととら,藤田和日郎,SF・ファンタジー,少年マンガ,完結・全33巻,"少年サンデー誌上で大人気を博した藤田和日郎が描く名作!!
伝説の｢獣の槍｣を操る少年･うしおと、五百年ぶりに解放された妖怪･とら。この不思議なコンビが贈るハイパー伝奇ロマン!!小学館漫画賞受賞作品。",https://d2ylnsrvo8rdzz.cloudfront.net/v2.0/images/books/4091251234.324.450.resize.jpg?t=1618498800,https://comicspace.jp//title/17851
166,やがて君になる,仲谷鳰,恋愛・ラブコメ,少年マンガ,完結・全8巻,"好きを知らない少女が出会う、一筋縄ではいかない――女の子同士の恋愛
恋する気持ちがわからず悩みを抱える侑は、先輩・燈子が告白を受ける場面に出会う。誰からの告白にも心を動かされないという燈子に共感を覚える侑だが、やがて燈子から思わぬ言葉を告げられる。「君のことが好き」",https://d2ylnsrvo8rdzz.cloudfront.net/v2.0/images/books/4049128691.324.450.resize.jpg?t=1618498800,https://comicspace.jp//title/57427
167,斉木楠雄のΨ難,麻生周一,SF・ファンタジー,少年マンガ,完結・全26巻,彼の名前は斉木楠雄、超能力者である。誰もが羨む才能も、本人にとっては災難を呼ぶ不幸の元凶。故に人前では力を封印、目立たず人と関わらずを心掛けてきた斉木だったが、何故かワケあり同級生が急接近!?,https://d2ylnsrvo8rdzz.cloudfront.net/v2.0/images/books/4088815394.324.450.resize.jpg?t=1618498800,https://comicspace.jp//title/65422
168,STEEL BALL RUN スティール・ボール・ラン ジョジョの奇妙な冒険,荒木飛呂彦,SF・ファンタジー,少年マンガ,完結・全24巻,1890年、アメリカで世紀の大レース『SBR（スティール・ボール・ラン）』が開催された。総距離約6，000km、人類史上初の乗馬による北米大陸横断レースである！　優勝賞金5千万ドル（60億円）をめざし、屈強な冒険者たちの戦いが今始まった！,https://d2ylnsrvo8rdzz.cloudfront.net/v2.0/images/books/4088702530.324.450.resize.jpg?t=1618498800,https://comicspace.jp//title/16634
169,ドロヘドロ,林田球,SF・ファンタジー,青年マンガ,完結・全23巻,ちょっとコワい顔だけど、性格は意外とカワイイ!? “爬虫類顔”のイイ男・カイマンが人間の姿を取り戻すべく、彼を異形に変えた「魔法使い」に立ち向かう!!,https://d2ylnsrvo8rdzz.cloudfront.net/v2.0/images/books/4091886930.324.450.resize.jpg?t=1618498800,https://comicspace.jp//title/22201
170,いぬやしき,奥浩哉,SF・ファンタジー,青年マンガ,完結・全10巻,その男には誰にも言えない秘密がある!58歳サラリーマン2児の父。希望もなければ人望もない冴えない男。しかしある日を境に男のすべては一変するーー。『GANTZ』で漫画表現の極地を切り拓いた奥浩哉がおくる、全く新しい世界がここに!,https://d2ylnsrvo8rdzz.cloudfront.net/v2.0/images/books/4063546888.324.450.resize.jpg?t=1618498800,https://comicspace.jp//title/59142
171,ストロボ・エッジ,咲坂伊緒,恋愛・ラブコメ,少女マンガ,完結・全10巻,福士蒼汰から始まる、人気の実写映画【ストロボ・エッジ】の原作漫画です。一度は読んでおきたい作品です。,https://d2ylnsrvo8rdzz.cloudfront.net/v2.0/images/books/4088466071.324.450.resize.jpg?t=1618498800,https://comicspace.jp//title/64735
172,ルックバック,藤本タツキ,恋愛・ラブコメ,少女マンガ,完結・全1巻,自分の才能に絶対の自信を持つ藤野と、引きこもりの京本。田舎町に住む2人の少女を引き合わせ、結びつけたのは漫画を描くことへのひたむきな思いだった。月日は流れても、背中を支えてくれたのはいつだって――。唯一無二の筆致で放つ青春長編読切。,https://d2ylnsrvo8rdzz.cloudfront.net/v2.0/images/books/4088827821.324.450.resize.jpg?t=1618498800,https://comicspace.jp//title/127315
173,暁のヨナ,草凪みずほ,恋愛・ラブコメ,少女マンガ,既刊41巻,高華王国の姫・ヨナは一人娘のため、優しい父王と幼なじみで護衛のハク達に囲まれ、大切に育てられていた。そして時はヨナ・16歳の誕生日、ヨナは想いを寄せていた従兄のスウォンから簪を贈られ、父へ自分の気持ちを伝えに行く。が、そこには思いも寄らぬ過酷な運命が!?,https://d2ylnsrvo8rdzz.cloudfront.net/v2.0/images/books/4592224612.324.450.resize.jpg?t=1618498800,https://comicspace.jp//title/78740
174,ニセコイ,古味直志,恋愛・ラブコメ,少年マンガ,完結・全25巻,ヤクザの2代目だが、ごく普通の高校生・一条楽。そんな彼の前に現れた、転校生の美少女・桐崎千棘。喧嘩っ早く、楽とは何から何まで相性最悪な千棘だが、ある事情から二人は恋人を演じるハメになり!?,https://d2ylnsrvo8rdzz.cloudfront.net/v2.0/images/books/4088808053.324.450.resize.jpg?t=1618498800,https://comicspace.jp//title/65412
175,青野くんに触りたいから死にたい,椎名うみ,恋愛・ラブコメ,青年マンガ,既刊10巻,君に触れるなら、死んでもいいよ。これがわたしの愛なんだ。アフタヌーン公式サイト「モアイ」掲載の1話が300000PV突破! 話題の「青野くん」がついに単行本化! 天然少女・優里ちゃんと、その彼氏・青野くん。ごく普通のお付き合いをしていたふたりだが、ある日突然、青野くんが「いなくなって」しまう……。絶対に結ばれないし、触れ合えないふたりの、でたらめで切実すぎるラブ・ストーリー。,https://d2ylnsrvo8rdzz.cloudfront.net/v2.0/images/books/4065302595.324.450.resize.jpg?t=1618498800,https://comicspace.jp//title/105849
176,ドリフターズ,平野耕太,SF・ファンタジー,青年マンガ,既刊7巻,紀元1600年、天下分け目の関ヶ原……敵陣突破の撤退戦「島津の退き口」「捨てがまり」で敵将の首を狙うは島津豊久!! 生死の狭間で開いた異世界への扉……現在では無い何時か、現実では無い何処かへ、戦国最強のサムライは、新たな戦世界へ招かれる!! 異才・平野耕太が描く新世界が今、拡がる……,https://d2ylnsrvo8rdzz.cloudfront.net/v2.0/images/books/4785974974.324.450.resize.jpg?t=1618498800,https://comicspace.jp//title/86228
177,プロミス・シンデレラ,橘オレコ,恋愛・ラブコメ,少年マンガ,完結・全16巻,"Twitter騒然!年の差ラブストーリー 

つつましく、平穏な暮らしを送る専業主婦の早梅。
彼女の前に現れたのは、性格の悪そうな金持ちの男子高生・壱成。
この男との出会いが早梅の人生を一変させる…。

不倫され離婚、スリにあい路上生活を余儀なくされる早梅。
“人生”に必要なのは愛か、金か、それとも運か――!!?
銭が紡ぐ、アラサー女子と男子高校性の”リアル人生ゲーム”がはじまる!!

#バツイチアラサー女子と男子高校生をはじめ、
pixivやtwitterで超話題の新人・橘オレコ氏の
初連載作、ついにコミックス化!!
",https://d2ylnsrvo8rdzz.cloudfront.net/v2.0/images/books/4098512394.324.450.resize.jpg?t=1618498800,https://comicspace.jp//title/113893
178,終末のハーレム,宵野コタロー,SF・ファンタジー,少年マンガ,完結・全18巻,時は2040年。難病に侵された青年・怜人は幼馴染の絵理沙と再会を誓い、病を治すためコールドスリープする。そして5年後──。目覚めた怜人を待っていたのは99.9%の男が死滅し50億人の女性が生きる世界だった…! 近未来エロティックサスペンス開幕!,https://d2ylnsrvo8rdzz.cloudfront.net/v2.0/images/books/4088836243.324.450.resize.jpg?t=1618498800,https://comicspace.jp//title/66106
179,ぐらんぶる,吉岡公威,スポーツ,青年マンガ,既刊20巻,海沿いの街で一人暮らしを始めた北原伊織は衝撃の大学デビューを果たす。出会ったのは美女とダイビング、そして愛すべき野郎ども! バカを描かせたら天下一品の井上堅二と、裸の若者を描く達人・吉岡公威が繰り出す、酒とノリがあふれる最高のキャンパスライフ!!,https://d2ylnsrvo8rdzz.cloudfront.net/v2.0/images/books/4065313295.324.450.resize.jpg?t=1618498800,https://comicspace.jp//title/63490
180,ゴールデンゴールド,堀尾省太,ホラー,青年マンガ,既刊9巻,福の神伝説が残る島・寧島で暮らす中2の少女、早坂琉花。ある日、海辺で見つけた奇妙な置物を持ち帰った彼女は、ある「願い」を込めて、それを山の中の祠に置く。すると、彼女の目の前には、“フクノカミ”によく似た異形が現れた――。幼なじみを繋ぎ止めるため、少女が抱いた小さな願いが、この島を欲望まみれにすることになる。,https://d2ylnsrvo8rdzz.cloudfront.net/v2.0/images/books/4065246806.324.450.resize.jpg?t=1618498800,https://comicspace.jp//title/63614
181,となりの怪物くん,ろびこ,恋愛・ラブコメ,少女マンガ,完結・全13巻,となりの席の吉田（よしだ）くんは入学初日の流血事件以来、一度も学校に来ない……。自分の成績にしか興味のなかった水谷雫（みずたにしずく）はたまたまプリントを届けたため、その吉田春（よしだハル）に勝手に友達認定されてしまう。しかも、春の純粋さを知って優しく接すると今度は告白までされちゃって……!?　冷血女子×超問題児。そんな二人が恋をした――!!?　新感覚ラブストーリー開幕！,https://d2ylnsrvo8rdzz.cloudfront.net/v2.0/images/books/4063657558.324.450.resize.jpg?t=1618498800,https://comicspace.jp//title/59559
182,ストーンオーシャン ジョジョの奇妙な冒険,荒木飛呂彦,SF・ファンタジー,少年マンガ,完結・全17巻,恋人とのドライブ中、交通事故に遭遇した空条徐倫は弁護士と恋人、ロメオにハメられ、15年の刑務所暮らしが確定してしまう！！しかし父親、空条承太郎から託された不思議なペンダントを手にした徐倫に変化が！？,https://d2ylnsrvo8rdzz.cloudfront.net/v2.0/images/books/4088734831.324.450.resize.jpg?t=1618498800,https://comicspace.jp//title/16529
183,賭ケグルイ,河本ほむら,学園,少年マンガ,既刊17巻,"賭すこと、それが私の存在理由(レゾンデートル)。

名門・私立百花王学園。この学園には階級制度が存在する。生徒会を頂点とするこの学校は「ギャンブル」に支配されている。勝てば天国。負ければ地獄。ギャンブル強者は羨望、弱者は被虐のクルった学園。そんな学園に、一人の少女が転校してくる。彼女の名前は蛇喰夢子……。",https://d2ylnsrvo8rdzz.cloudfront.net/v2.0/images/books/4757581475.324.450.resize.jpg?t=1618498800,https://comicspace.jp//title/81402
184,いちご100％,河下水希,学園,少年マンガ,完結・全19巻,放課後、校舎の屋上で出会ったいちごパンツの美少女。フツーの中学3年生・真中淳平は夕日に映えるその姿にすっかり心を奪われてしまった！！　彼女は誰？　いきなり恋の迷路に突入のいちご模様学園ラブコメディ登場！！,https://d2ylnsrvo8rdzz.cloudfront.net/v2.0/images/books/4088738845.324.450.resize.jpg?t=1618498800,https://comicspace.jp//title/16594
185,メタモルフォーゼの縁側,鶴谷香央理,ヒューマンドラマ,女性マンガ,完結・全5巻,ふと立ち寄った書店で老婦人が手にしたのは１冊のBLコミックス。75歳にしてBLを知った老婦人と書店員の女子高生が織りなすのは穏やかで優しい、しかし心がさざめく日々でした。,https://d2ylnsrvo8rdzz.cloudfront.net/v2.0/images/books/4041108136.324.450.resize.jpg?t=1618498800,https://comicspace.jp//title/113440
186,All You Need Is Kill,小畑健,バトル・アクション,少年マンガ,完結・全2巻,人類は今、かつてない戦争をしている。敵は「ギタイ」と呼ばれる化物。ジャパンの南方、コトイウシ島で繰り返される戦闘。初年兵であるキリヤ・ケイジと戦場の牝犬と呼ばれるリタ・ヴラタスキは、まだ見ぬ明日を求める戦いに身を投じていく──。,https://d2ylnsrvo8rdzz.cloudfront.net/v2.0/images/books/4088801261.324.450.resize.jpg?t=1618498800,https://comicspace.jp//title/65957
187,ダーウィンズゲーム,FLIPFLOPs,ミステリー・サスペンス,青年マンガ,既刊28巻,見知らぬアプリ「ダーウィンズ・ゲーム」を起動させてしまった高校生・カナメの前に、対戦相手のパンダ男現実に現れ…!? 生死を懸けたソーシャルゲームが始まった!!,https://d2ylnsrvo8rdzz.cloudfront.net/v2.0/images/books/425328213X.324.450.resize.jpg?t=1618498800,https://comicspace.jp//title/72353
188,累,松浦だるま,ヒューマンドラマ,青年マンガ,完結・全14巻,"イブニング新人賞出身の新しき才能が放つ『美醜』をテーマにした衝撃作!! 容貌の醜さから人に忌み嫌われてきた累。そんな彼女に、女優であった美しき母親が遺した1本の口紅。その口紅は他者の顔を奪うことが出来るという謎の力を持っていた。累はその力を使い、美しき者が享受するすべてを奪う事を決意する。

二目と見れぬ醜悪な容貌を持つ少女・累。その醜さ故、過酷な道を歩む累に、母が残した一本の口紅。その口紅の力が、虐げられて生きてきた、累の全てを変えていく――。",https://d2ylnsrvo8rdzz.cloudfront.net/v2.0/images/books/4065125677.324.450.resize.jpg?t=1618498800,https://comicspace.jp//title/59133
189,出会って5秒でバトル,みやこかしわ,SF・ファンタジー,少年マンガ,既刊22巻,"未だかつてない新世代能力バトル、開幕! 

それはいつもと変わらない朝から始まった。

ゲームと金平糖をこよなく愛する高校生の白柳 啓は、
魅音と名乗る謎の女によってある日突然戦いの場に巻き込まれてしまう。
集められた人々に対し「あなた達にもはや戸籍はない」
「実験モニターになってもらう」そして「能力を与えた」と語る魅音。

啓は己に与えられた能力を使ってゲームを勝ち上がり、
組織を潰すことを決意するが――。

誰もが予想しえない能力と、類まれな”脳”力を武器に、
新時代の頭脳派能力バトルが始まる!!。",https://d2ylnsrvo8rdzz.cloudfront.net/v2.0/images/books/4098520036.324.450.resize.jpg?t=1618498800,https://comicspace.jp//title/67065
190,魔人探偵脳噛ネウロ,松井優征,ミステリー・サスペンス,少年マンガ,完結・全23巻,女子高生・桂木弥子の父親が殺された。密室の惨殺事件。謎に満ちた事件は弥子の日常を混乱へ…。一向に捜査が進展しない中、悲しみにくれる弥子の前に脳噛ネウロと名乗る男が現れた。彼は言う。究極の『謎』を解きたいと…!!,https://d2ylnsrvo8rdzz.cloudfront.net/v2.0/images/books/4088747305.324.450.resize.jpg?t=1618498800,https://comicspace.jp//title/16678
191,らんま1/2,高橋留美子,恋愛・ラブコメ,少年マンガ,完結・全38巻,中国帰りの早乙女(さおとめ)親子は、拳法の達人。でも、水をかぶると、父・玄馬(げんま)はパンダに、息子・乱馬(らんま)は女の子に変身しちゃうのだ!!,https://d2ylnsrvo8rdzz.cloudfront.net/v2.0/images/books/4091234682.324.450.resize.jpg?t=1618498800,https://comicspace.jp//title/17814
192,結界師,田辺イエロウ,バトル・アクション,少年マンガ,完結・全35巻,その昔、霊感の強い烏森家の殿様が妖しげなものを呼びよせてしまったために、それを退治する結界師が生まれた。かつての城跡に建つ私立・烏森学園を舞台に、400年後の現在も跋扈（ばっこ）し続ける妖怪に立ち向かう墨村家と雪村家の若き後継者、良守と時音の活躍を描く妖結界バトルストーリー!!,https://d2ylnsrvo8rdzz.cloudfront.net/v2.0/images/books/4091232167.324.450.resize.jpg?t=1618498800,https://comicspace.jp//title/18096
193,マッシュル―MASHLE―,甲本一,SF・ファンタジー,少年マンガ,既刊17巻,誰もが魔法を使い、その優劣が全てを決める魔法界。人里離れた森の中で、日々筋トレの鬼と化す少年・マッシュの秘密は、魔法が使えないこと。その秘密を他人に知られた時、日常は一変!!　なぜか魔法学校に入学し、トップを目指すことに…!?　鍛え上げた筋力とパワーで、全ての魔法を粉砕するアブノーマル魔法ファンタジー、ここに開幕!!,https://d2ylnsrvo8rdzz.cloudfront.net/v2.0/images/books/4088835689.324.450.resize.jpg?t=1618498800,https://comicspace.jp//title/122092
194,7SEEDS,田村由美,SF・ファンタジー,女性マンガ,完結・全35巻,ごちそうを食べて自分の部屋で寝たはず…だが目覚めると、ナツは荒れ狂う海の上にいた。どうして自分がここにいるのかわからない。やがて流れ着いた無人島。生きるための過酷な冒険が始まった!!,https://d2ylnsrvo8rdzz.cloudfront.net/v2.0/images/books/4091394248.324.450.resize.jpg?t=1618498800,https://comicspace.jp//title/19774
195,花より男子,神尾葉子,恋愛・ラブコメ,少女マンガ,完結・全26巻,牧野つくしが入ったのは超金持ち名門高校。でも、そこはサイアクな所だった。F4ってチームが牛耳って、ちょっとでも歯向かうと集団イジメ! ぶち切れたつくしはF4の道明寺司にケリを入れてしまい…!?,https://d2ylnsrvo8rdzz.cloudfront.net/v2.0/images/books/4088472888.324.450.resize.jpg?t=1618498800,https://comicspace.jp//title/12536
196,映像研には手を出すな!,大童澄瞳,SF・ファンタジー,青年マンガ,既刊7巻,アニメは「設定が命」の浅草みどり、カリスマ読者モでアニメーター志望の水崎ツバメ、金儲けが大好きな美脚の金森さやか。ダンジョンへ、戦場へ、宇宙へ－－想像の翼を広げて、電撃3人娘が「最強の世界（映像）」を創り出す！「月刊！スピリッツ」連載時よりSNSで「すげえ漫画が始まった！」と驚異の拡散！　天才、出現！！,https://d2ylnsrvo8rdzz.cloudfront.net/v2.0/images/books/4098613301.324.450.resize.jpg?t=1618498800,https://comicspace.jp//title/100178
197,おおきく振りかぶって,ひぐちアサ,学園,青年マンガ,既刊36巻,"面白さ絶対保証! 大人気本格高校野球漫画、待望の最新刊! 監督は女性、選
手は全員1年生。県立西浦高校の新設野球部に集まった10人の選手たちは、弱気
で卑屈な投手・三橋を中軸に、一丸となって甲子園優勝を目指す!! 試合や練
習を通じて成長していく選手たちのまばゆい姿。最新のスポーツ科学を下敷きに
描く、全く新しい野球の面白さ。丹念に描かれる青春の情動。そのどれもが日本
中から熱烈な支持を集める、今いちばん面白い青春スポーツ漫画!!",https://d2ylnsrvo8rdzz.cloudfront.net/v2.0/images/books/4065271045.324.450.resize.jpg?t=1618498800,https://comicspace.jp//title/6798
198,ヒナまつり,大武政夫,ギャグ・コメディー,青年マンガ,完結・全19巻,"ヤクザ×サイキック少女のアーバンライフ・コメディー！
芦川組の若手ホープ・新田の部屋に落ちてきた奇妙な楕円形の物体。
それが全ての始まりだった！
物体のなかに居たのは、無表情な少女・ヒナ。
強力な念動力で新田を脅し、ヒナは新田家に住みつくことに。
かくしてヤクザとサイキック少女の危険な共同生活が始まった！

漫画誌Fellows!にて、読切から連載化、そして一躍人気作に。
読者の熱い支持が押し上げたネオ・ユニバース、遂に単行本刊行！",https://d2ylnsrvo8rdzz.cloudfront.net/v2.0/images/books/4047361712.324.450.resize.jpg?t=1618498800,https://comicspace.jp//title/56378
199,講談社版 私の少年,高野ひと深,恋愛・ラブコメ,青年マンガ,完結・全9巻,この感情は、母性?それとも--。スポーツメーカーに勤める30歳、多和田聡子は、夜の公園で12歳の美しい少年、早見真修と出会う。元恋人からの残酷な仕打ち、家族の高圧と無関心。それぞれが抱える孤独に触れた二人は、互いを必要なものと感じていく--。「このマンガがすごい!2017「<オトコ編>第2位! 年齢や立場の違いを超えた二人の交流を描く話題作!!,https://d2ylnsrvo8rdzz.cloudfront.net/v2.0/images/books/4065217024.324.450.resize.jpg?t=1618498800,https://comicspace.jp//title/113742